ResNet50_Prob_COVID,ResNet50_Prob_nonCOVID,EfficientNetB0_Prob_COVID,EfficientNetB0_Prob_nonCOVID,True_Label,Fold_ID
0.9663871,0.033612892,0.98319626,0.01680367,0,2
0.00056633435,0.9994337,0.049420904,0.9505791,1,3
0.015227929,0.98477215,0.18933165,0.81066835,1,0
1.0,1.55072e-14,0.9999981,1.892546e-06,0,4
0.99999964,3.6605766e-07,0.99999344,6.4970814e-06,0,3
0.004549444,0.99545056,0.032264955,0.96773505,1,2
1.0,6.5586364e-12,0.9999999,1.4554608e-07,0,4
0.99992085,7.917624e-05,0.9748999,0.02510015,0,2
0.0041713496,0.9958287,0.18778431,0.81221575,1,3
3.81802e-07,0.99999964,0.00031548954,0.9996846,1,1
0.99999857,1.39458e-06,0.99999857,1.4149468e-06,0,3
0.9999982,1.8073569e-06,0.9999125,8.745862e-05,0,3
1.0,2.8064865e-14,0.99888223,0.0011178172,0,2
0.0010937924,0.99890625,0.0032422629,0.9967577,1,4
0.78703475,0.21296528,0.9994023,0.00059767335,0,3
0.0012806338,0.99871933,0.010188646,0.9898114,1,3
0.58927417,0.41072583,0.9848585,0.01514149,0,0
0.00013841581,0.9998616,0.19792451,0.80207545,1,1
0.99943286,0.00056709215,0.9998703,0.00012963888,0,4
0.9999999,6.263262e-08,0.9999883,1.1712021e-05,0,0
0.0005842449,0.99941576,0.015483202,0.9845168,1,1
0.01814596,0.98185396,0.012490558,0.9875094,1,1
8.63238e-05,0.9999137,0.0053750584,0.9946249,1,4
0.011303389,0.9886966,0.046937663,0.95306236,1,1
0.0005055954,0.99949443,0.014431676,0.98556834,1,2
7.073042e-06,0.99999297,0.00015237118,0.99984765,1,1
0.08047301,0.91952693,0.12148637,0.87851363,1,1
0.000785405,0.99921453,0.08872811,0.9112719,1,3
0.0007549926,0.99924505,0.106617816,0.8933822,1,1
0.99999225,7.793195e-06,0.99964905,0.00035100034,0,3
1.0,3.3039322e-09,0.9991897,0.0008102684,0,4
0.051840268,0.9481597,0.24932459,0.75067544,1,0
0.9991129,0.00088704686,0.9346247,0.06537531,0,4
1.0,6.46983e-14,0.9999988,1.1786348e-06,0,4
0.98264366,0.017356291,0.99999976,2.2844213e-07,0,1
0.66848004,0.33152,0.0210421,0.9789579,0,4
0.008836431,0.9911636,0.004575708,0.99542433,1,1
7.5473865e-05,0.99992454,0.0011124687,0.9988876,1,0
0.9999999,8.819249e-08,0.9999994,5.906008e-07,0,2
0.06077132,0.93922865,0.010292851,0.9897071,1,2
0.00096700713,0.999033,0.003380371,0.9966196,1,4
1.0,1.9334763e-10,0.99999416,5.841963e-06,0,1
0.9999981,1.9502622e-06,0.9998505,0.00014945229,0,2
0.013670458,0.9863295,0.0033006354,0.9966994,1,0
1.0,2.5286234e-08,0.99902415,0.0009758412,0,0
0.9830289,0.01697108,0.9894049,0.010595158,0,1
0.0024937075,0.9975063,0.9343629,0.065637164,1,3
0.9999949,5.0922577e-06,0.9999827,1.7332603e-05,0,2
0.93493,0.06506999,0.9944841,0.005515864,0,1
0.8869774,0.113022685,0.938982,0.061018016,0,1
0.052708484,0.9472915,0.5522046,0.4477954,1,1
0.00031896846,0.999681,0.14353676,0.85646325,1,1
1.0,4.1959986e-08,0.94895035,0.051049717,0,0
0.9999951,4.9120276e-06,0.9998031,0.0001968604,0,4
0.6649474,0.33505264,0.04119046,0.9588095,1,3
0.9136226,0.086377345,0.94769526,0.052304767,1,2
0.99332243,0.0066775284,0.95315474,0.046845324,0,4
0.0035521376,0.9964478,0.03752131,0.9624787,1,2
1.0,1.1467785e-12,0.99999976,2.0756418e-07,0,3
0.9999924,7.639161e-06,0.99999917,8.4137633e-07,0,1
0.9999906,9.437848e-06,0.9999888,1.1181621e-05,0,0
0.19082676,0.8091732,0.021861162,0.97813886,1,2
0.0047601764,0.99523985,0.16791295,0.8320871,1,4
5.9284197e-05,0.99994075,0.0072988383,0.9927012,1,0
0.9999989,1.0887054e-06,0.99995244,4.75967e-05,0,3
0.99951065,0.0004893288,0.9999846,1.540208e-05,0,2
1.7801915e-05,0.99998224,0.060539756,0.9394603,1,0
1.0,2.6132627e-12,0.9991264,0.00087369484,0,1
0.008075502,0.99192446,0.09133686,0.9086631,1,4
0.0011168551,0.9988832,0.064592615,0.9354074,1,0
0.9999883,1.1679507e-05,0.99946326,0.0005367215,0,0
0.008296015,0.991704,0.055731595,0.94426847,1,3
0.9999627,3.728635e-05,0.99998426,1.5707185e-05,0,3
0.04801835,0.95198166,0.30018184,0.6998182,1,1
0.011258216,0.9887418,0.0020825525,0.9979175,1,2
0.0051059676,0.994894,0.021494789,0.97850525,1,3
9.36301e-06,0.9999906,8.1392245e-05,0.9999186,1,1
0.015980905,0.98401904,0.018261833,0.98173815,1,0
0.025311712,0.9746883,0.074372254,0.92562777,1,4
5.304988e-05,0.99994695,0.0069962875,0.99300367,1,1
0.9999988,1.1465096e-06,0.999889,0.00011100648,0,2
0.99999964,3.5262357e-07,0.9999999,1.6410694e-07,0,4
1.0,2.998064e-12,0.9999988,1.1794691e-06,0,0
0.99999523,4.728715e-06,0.99997616,2.3813795e-05,0,1
3.285044e-06,0.99999666,0.004814779,0.9951852,1,3
0.5300686,0.46993142,0.961569,0.03843095,0,0
0.014373936,0.98562604,0.0047567976,0.99524313,1,2
0.12090044,0.87909955,0.27991313,0.72008693,1,2
0.003062619,0.9969374,0.21818912,0.7818109,1,4
0.9913511,0.008648903,0.99871397,0.0012860176,0,1
0.10237283,0.8976272,0.13670626,0.86329377,1,2
0.99999976,2.3556109e-07,0.99521035,0.004789718,0,4
0.3271196,0.6728804,0.009908527,0.99009144,1,2
0.0043297624,0.9956702,0.046643805,0.9533562,1,3
0.032929514,0.96707046,0.0024670241,0.99753296,1,2
0.00024137108,0.99975866,0.0019981405,0.9980019,1,1
7.7404766e-05,0.99992263,0.0016422097,0.9983577,1,4
2.6526191e-08,1.0,0.00043361826,0.9995664,1,3
0.019541763,0.9804582,0.0029677604,0.9970323,1,3
0.006288847,0.9937111,0.9159494,0.084050655,1,2
0.58328354,0.4167165,0.4212798,0.5787203,0,1
0.99997723,2.2781023e-05,0.9999765,2.3461424e-05,0,1
0.00020368648,0.99979633,7.050763e-05,0.9999294,1,1
1.0,7.042214e-09,0.9999677,3.2300704e-05,0,4
1.0,6.3146736e-12,0.9999876,1.2347626e-05,0,3
0.035192955,0.964807,0.271772,0.72822803,1,2
0.99884784,0.0011521127,0.9951023,0.0048976983,0,2
0.000118956414,0.999881,0.016641468,0.98335856,1,0
0.33821964,0.66178036,0.6478042,0.3521958,1,1
3.172821e-07,0.99999964,0.047634974,0.952365,1,3
0.006609898,0.9933901,0.0042465124,0.9957535,1,0
1.0,2.1509614e-15,1.0,2.8011472e-08,0,4
0.021706482,0.97829354,0.0017207159,0.99827933,1,4
0.9598933,0.040106766,0.99959606,0.0004039748,0,3
0.00020406379,0.999796,0.10373093,0.8962691,1,4
0.7422104,0.25778964,0.9634903,0.036509756,0,4
0.8616599,0.1383401,0.33283147,0.6671685,0,1
1.0,1.13095705e-11,0.9999826,1.742249e-05,0,3
0.00032880332,0.9996712,0.0033598454,0.9966402,1,0
1.0,4.4212637e-11,0.9999361,6.383291e-05,0,0
0.99999976,2.681509e-07,0.99993265,6.730256e-05,0,0
0.99999785,2.1842727e-06,0.93761814,0.062381834,0,3
0.00016737722,0.99983263,0.0050574085,0.9949426,1,2
0.0031962972,0.99680376,0.0763982,0.9236018,1,0
0.0052292407,0.9947707,0.012815906,0.9871841,1,3
0.8285306,0.17146942,0.8398999,0.16010009,0,0
0.19993564,0.8000643,0.30367434,0.69632566,1,2
1.0,4.7518338e-08,0.9999999,8.209132e-08,0,1
0.948508,0.05149195,0.8126902,0.18730973,1,4
0.9999763,2.372711e-05,0.99657226,0.0034277532,0,4
0.11653087,0.8834691,0.006278331,0.99372166,1,4
0.99990964,9.037937e-05,0.9902378,0.0097622145,0,1
0.0007920477,0.99920803,0.021148395,0.97885156,1,1
0.0006503236,0.99934965,0.00930591,0.9906941,1,0
1.0,1.39371625e-08,0.99982184,0.00017820807,0,0
1.36962635e-05,0.9999863,0.0005650656,0.9994349,1,4
0.7436556,0.2563444,0.8823109,0.11768912,0,2
0.99845016,0.0015498662,0.97676724,0.023232797,0,1
0.9999981,1.8506316e-06,0.99987376,0.0001262135,0,3
0.9999999,1.5895935e-07,0.9991374,0.0008625868,0,3
0.96837234,0.03162758,0.99166965,0.008330337,0,4
0.9998592,0.00014076667,0.99799997,0.0020000096,0,4
0.0060308063,0.9939692,0.11377582,0.88622415,1,3
0.7600457,0.23995432,0.48209494,0.51790506,1,2
0.9999442,5.5733402e-05,0.99988234,0.00011768836,0,0
0.9998361,0.00016385263,0.9974003,0.0025997136,0,2
0.0011902349,0.9988098,0.0053675002,0.9946325,1,0
0.20250778,0.79749215,0.019634781,0.9803653,1,1
1.0,1.2486403e-08,0.9999571,4.2869287e-05,0,0
0.9999515,4.854532e-05,0.9999949,5.1319275e-06,0,2
2.1755495e-05,0.9999782,0.0053000976,0.99469995,1,3
0.65421015,0.34578988,0.79344946,0.20655058,0,2
1.0,3.313675e-10,1.0,3.671281e-08,0,4
0.9981219,0.0018780562,0.995469,0.0045310315,0,1
1.0,3.8007528e-08,0.9999732,2.6859449e-05,0,1
1.0,6.172729e-11,0.9999999,8.483962e-08,0,3
0.99999976,1.9048268e-07,0.99977785,0.00022213746,0,0
0.5156376,0.48436236,0.042810548,0.95718944,1,4
0.62657934,0.37342066,0.99925905,0.00074093445,0,2
0.00012459632,0.9998754,0.00071212155,0.9992879,1,0
0.00031905848,0.999681,0.0006811993,0.99931884,1,1
0.997789,0.0022109519,0.9996172,0.00038270667,0,1
0.06740316,0.93259686,0.43686843,0.5631316,1,0
0.4693945,0.5306055,0.2514671,0.7485329,0,3
0.99999475,5.2051773e-06,0.99978834,0.00021161237,0,0
0.9998838,0.000116158335,0.9751015,0.024898551,0,1
1.0,6.1503354e-09,0.99580646,0.0041935593,0,0
0.9996487,0.00035134418,0.97622824,0.023771772,0,1
0.0031889675,0.996811,0.000494343,0.99950564,1,2
0.00049212395,0.9995079,0.004600268,0.9953998,1,1
0.01440072,0.9855993,0.0034205578,0.99657947,1,1
0.14470382,0.8552962,0.010001978,0.98999804,1,2
0.98022974,0.01977025,0.9713145,0.028685568,0,2
1.0,1.6772704e-08,1.0,1.3327018e-08,0,4
0.0036473365,0.9963527,0.09537176,0.9046283,1,4
1.0,3.4351164e-11,0.9999938,6.2466174e-06,0,3
0.6973428,0.30265722,0.5438409,0.4561591,1,0
0.99999785,2.1448707e-06,0.99901474,0.0009852153,0,3
0.010889722,0.9891103,0.007715255,0.9922848,1,3
1.0,3.0539202e-12,0.9999267,7.3256306e-05,0,1
0.0039729695,0.996027,0.3346333,0.6653667,1,0
0.0007837879,0.9992162,0.022347866,0.97765213,1,3
0.5464093,0.45359066,0.9980691,0.0019308875,0,1
0.9814348,0.018565146,0.6742527,0.32574734,0,2
0.10810892,0.89189106,0.93098533,0.06901464,1,2
0.0006807765,0.9993192,0.21882705,0.7811729,1,3
0.0013097136,0.9986903,0.0008840856,0.9991159,1,3
0.9999999,7.881751e-08,0.9922531,0.007746948,0,2
0.6741438,0.32585618,0.9857248,0.0142751485,0,1
0.99999976,2.3376717e-07,0.99960893,0.0003910646,0,3
0.0028176473,0.99718237,0.064762086,0.9352379,1,0
0.0039136987,0.99608636,0.0027229397,0.9972771,1,1
0.9990482,0.0009518413,0.995839,0.0041610165,0,2
0.7475797,0.2524203,0.6376935,0.36230645,1,1
0.6908263,0.30917364,0.4097894,0.59021056,0,3
0.9999912,8.869231e-06,0.99606186,0.0039381217,0,0
0.9932795,0.006720474,0.9844816,0.015518385,0,0
0.1292633,0.8707367,0.45906457,0.5409354,1,1
0.0036803198,0.99631965,0.0029778061,0.9970222,1,1
0.9999813,1.869568e-05,0.99999857,1.4194841e-06,0,4
1.0,1.0420017e-11,0.99980444,0.0001955389,0,3
0.99972576,0.00027423314,0.9952968,0.00470329,0,1
0.9999999,1.5363482e-07,0.9919092,0.008090763,0,3
0.9999434,5.6571145e-05,0.99999833,1.667054e-06,0,1
0.9999999,8.904761e-08,0.99999094,9.008023e-06,0,3
5.92143e-05,0.99994075,0.0037120502,0.99628794,1,0
1.0,4.107592e-17,1.0,4.27378e-09,0,3
0.9992015,0.00079849135,0.9396945,0.060305424,0,2
0.00034364974,0.9996563,0.101158254,0.8988418,1,3
1.0,3.5949486e-11,0.99999917,8.344435e-07,0,4
0.621942,0.37805802,0.8459235,0.15407649,0,0
0.99999774,2.2368474e-06,0.9910617,0.0089382585,0,4
0.0055110455,0.99448895,0.5502813,0.44971868,1,3
0.030687584,0.9693124,0.0020122516,0.99798775,1,4
1.0,1.0407673e-09,0.999995,5.05774e-06,0,2
0.010602949,0.98939705,0.00803051,0.9919695,1,1
0.9999926,7.4085733e-06,0.9954566,0.004543428,0,3
1.0,2.2260893e-09,0.9999974,2.6294033e-06,0,4
0.99046564,0.00953442,0.98455,0.015450019,1,4
6.1335115e-05,0.9999386,0.7144506,0.2855494,1,3
0.99992,8.004212e-05,0.9974469,0.002553124,0,4
0.9999995,4.2252802e-07,0.99962413,0.000375892,0,0
1.0,1.06834666e-08,0.9999994,5.434781e-07,0,2
1.0,3.6297635e-11,0.9999975,2.5137938e-06,0,0
0.005064552,0.99493545,0.72233367,0.27766633,1,3
0.999997,2.920707e-06,0.99997807,2.1962915e-05,0,4
1.0,4.7896055e-08,0.999992,7.970984e-06,0,2
0.99984,0.0001599075,0.99691015,0.0030898685,0,1
1.0,9.661273e-19,1.0,4.844807e-08,0,4
0.109352626,0.8906474,0.020904414,0.9790956,0,2
0.25848925,0.74151075,0.7791218,0.22087818,1,4
0.00011018272,0.99988985,0.0022828933,0.99771714,1,3
5.8696016e-05,0.99994135,3.9538994e-05,0.9999604,1,1
0.010307765,0.9896923,0.00901123,0.9909888,1,0
1.0,6.2202664e-14,0.9999999,6.673404e-08,0,3
0.13795242,0.8620476,0.1434983,0.85650164,1,2
0.9960049,0.003995085,0.89055455,0.109445415,0,1
1.5040031e-05,0.999985,9.9139594e-05,0.9999008,1,1
1.3092726e-05,0.9999869,0.013461948,0.98653805,1,0
0.9950158,0.0049841944,0.99998915,1.08280465e-05,0,1
0.00017513751,0.99982494,0.011375031,0.98862493,1,3
0.9702256,0.02977446,0.9825316,0.017468369,0,2
0.99899834,0.0010016953,0.9986467,0.0013532785,0,2
0.116346516,0.88365346,0.42798254,0.57201743,1,4
0.4551873,0.54481274,0.9530915,0.046908468,0,2
0.9999789,2.1096179e-05,0.99999785,2.1486092e-06,0,4
0.004368731,0.99563134,0.11258656,0.8874134,1,2
0.26199415,0.7380058,0.010527605,0.9894723,1,2
0.6944073,0.3055927,0.8659366,0.13406342,0,4
0.0009918422,0.99900824,0.010430469,0.98956954,1,0
1.0,1.3838511e-09,0.99999714,2.9116713e-06,0,4
0.0019101687,0.99808985,0.12876815,0.87123185,1,2
0.024348859,0.9756512,0.2496894,0.75031066,1,4
0.9997292,0.00027078984,0.99994457,5.5430064e-05,0,4
0.00049098395,0.999509,0.365857,0.63414294,1,0
0.07883203,0.92116797,0.85488474,0.1451152,1,3
0.022426926,0.97757304,0.0003814688,0.99961853,1,1
0.17063174,0.8293683,0.074687324,0.9253127,1,2
1.0,2.9687309e-08,0.99650866,0.0034912704,0,1
0.7061648,0.2938352,0.89179736,0.10820264,1,0
0.118934445,0.8810656,0.0017561167,0.9982439,1,0
0.057944193,0.9420559,0.009816558,0.9901834,1,3
0.9995258,0.00047417963,0.9918915,0.008108501,1,2
0.9999993,6.955507e-07,0.9999994,5.902191e-07,0,4
0.9999987,1.3023833e-06,0.999759,0.00024097785,0,2
0.99999964,3.9216374e-07,0.9983683,0.0016316825,0,0
0.23509243,0.76490754,0.09486772,0.90513235,1,2
0.0007764694,0.9992235,0.0017621054,0.99823785,1,2
1.0,3.732446e-12,0.99999666,3.3627796e-06,0,0
0.70481485,0.2951851,0.051444426,0.9485556,1,4
0.9999968,3.2510263e-06,0.9997861,0.00021388366,0,1
0.011207532,0.9887925,0.043467116,0.9565329,1,4
0.9862765,0.013723553,0.99680847,0.003191491,1,3
1.0,4.0405357e-08,0.999997,2.9747416e-06,0,0
1.0,3.9407904e-12,0.9999975,2.5545057e-06,0,0
0.9999883,1.16986475e-05,0.9999951,4.841776e-06,0,0
1.0,6.389155e-09,0.99727446,0.0027255723,0,1
0.085816436,0.91418356,0.4740516,0.5259484,1,2
1.0,2.9282482e-10,0.99999774,2.231423e-06,0,3
0.0015466538,0.9984534,0.7682897,0.23171027,1,3
0.99983144,0.00016851675,0.99999964,3.3359566e-07,0,1
0.6936407,0.30635926,0.98440033,0.015599697,0,4
0.9999907,9.25113e-06,0.9976336,0.002366465,0,4
0.9999865,1.3501928e-05,0.9996513,0.0003486395,0,4
1.3613006e-06,0.9999987,0.29481852,0.70518154,1,2
0.8937194,0.106280655,0.08072282,0.91927713,0,1
0.9998282,0.00017173358,0.9573044,0.04269557,0,2
0.9995592,0.0004407537,0.9988807,0.0011192593,0,1
0.9842147,0.01578525,0.98863554,0.011364425,0,3
0.99963725,0.000362682,0.99930716,0.00069284736,0,0
0.0022800702,0.99771994,0.16187467,0.83812535,1,2
1.0,2.3612725e-09,0.99999833,1.6929638e-06,0,3
0.0001709968,0.99982893,0.18126401,0.81873596,1,3
0.06520904,0.9347909,0.6041963,0.39580372,1,2
1.0,1.0217974e-10,0.99999774,2.28152e-06,0,2
1.0,4.927739e-13,0.9999999,9.213381e-08,0,4
0.21589546,0.7841046,0.09833317,0.9016669,1,2
1.0,2.0045613e-11,1.0,6.997454e-09,0,2
1.0,5.6630667e-10,0.9999994,5.609514e-07,0,1
0.8706704,0.12932958,0.8499842,0.15001582,0,3
1.0,5.412768e-19,0.99945754,0.0005424553,0,0
0.13125506,0.8687449,0.9842821,0.015717883,1,4
0.9997297,0.00027032112,0.9999974,2.6049331e-06,0,3
1.0,2.1184537e-08,0.999984,1.6030011e-05,0,2
0.0037551178,0.99624485,0.00371567,0.9962843,1,3
9.7319644e-05,0.9999027,6.129811e-05,0.9999387,1,4
1.0,3.4928627e-10,0.99998474,1.5236904e-05,0,3
0.0075606564,0.99243927,0.016895458,0.9831045,1,4
0.32711586,0.6728841,0.21217047,0.7878295,0,3
0.99968195,0.00031805353,0.96675795,0.03324207,0,3
0.0006916714,0.99930835,0.0058499994,0.99415004,1,4
0.33195695,0.6680431,0.004051364,0.9959486,1,1
0.013803826,0.98619616,0.79149795,0.20850207,1,3
0.99999917,8.5871585e-07,0.99999774,2.3066557e-06,0,2
1.1900344e-06,0.9999988,0.17017706,0.82982296,1,3
0.9992986,0.00070144114,0.9995833,0.00041671668,0,3
0.9998381,0.00016186218,0.022710295,0.9772897,0,1
1.0,9.480854e-09,0.9998635,0.00013646859,0,4
0.7876087,0.21239132,0.9243574,0.07564267,0,1
0.027591903,0.9724081,0.0038567996,0.9961433,1,0
0.9999999,1.6341758e-07,0.99999976,2.0118193e-07,0,1
1.0,2.4453786e-10,0.9999186,8.140785e-05,0,1
0.99999964,3.1040491e-07,0.99999976,1.9986015e-07,0,2
0.99999845,1.5822715e-06,0.99987423,0.00012571647,0,0
1.0,6.3210834e-16,0.9999993,6.7882104e-07,0,4
0.01713575,0.98286426,0.73573166,0.26426834,1,0
0.040001888,0.9599982,0.2008802,0.7991198,1,0
1.0,2.5762247e-08,0.99999785,2.1499823e-06,0,2
0.05136147,0.94863856,0.10595044,0.8940496,1,4
1.0,8.450141e-09,0.9999999,1.2549249e-07,0,1
0.0008237129,0.9991762,0.020173986,0.97982603,1,1
0.99965096,0.00034902908,0.9999913,8.708227e-06,0,1
0.02325404,0.97674596,0.32814315,0.6718568,1,0
0.9714125,0.028587535,0.8295826,0.17041741,0,1
0.0010096821,0.99899036,0.3027046,0.6972954,1,4
0.9839361,0.01606396,0.99994266,5.7281686e-05,0,2
0.99999464,5.392063e-06,0.99999166,8.348165e-06,0,3
0.5796746,0.4203254,0.49418837,0.5058116,0,2
0.006032556,0.9939674,0.001155586,0.9988444,1,3
0.035107058,0.964893,0.28843617,0.7115638,1,1
1.0,5.7608062e-08,0.99999714,2.8195009e-06,0,3
0.31093386,0.6890661,0.91498977,0.08501023,0,1
0.00097452936,0.99902546,0.0016352191,0.99836475,1,2
0.26822904,0.73177093,0.5744061,0.42559394,1,2
0.00045460902,0.9995454,0.15910964,0.84089035,1,0
0.004918612,0.9950814,0.0105166,0.9894834,1,2
0.99999845,1.5940672e-06,1.0,1.4495177e-08,0,2
0.00086851045,0.9991315,0.022302995,0.977697,1,1
1.0,2.9224037e-08,0.9995938,0.00040623042,0,3
1.680338e-05,0.9999832,0.004480889,0.99551904,1,0
1.0,6.497935e-12,0.99859315,0.0014068184,0,0
0.9985739,0.0014260378,0.99993515,6.482867e-05,0,1
0.964868,0.035132013,0.97596776,0.024032244,0,1
0.9999999,9.3198345e-08,0.9999989,1.0621071e-06,0,4
0.9999224,7.754224e-05,0.99991,9.002189e-05,0,3
1.0,5.020363e-08,0.9999999,1.7264156e-07,0,4
1.0,2.8757192e-08,0.9983444,0.0016555837,0,3
1.0,7.772476e-11,0.9999939,6.0448124e-06,0,2
0.9999995,4.7589174e-07,0.97304744,0.026952531,0,0
0.9903694,0.009630622,0.99987245,0.00012749569,0,1
0.00043545288,0.9995646,0.14697205,0.853028,1,0
0.00010523873,0.99989474,0.0020517004,0.99794835,1,4
0.9999999,1.6987913e-07,0.9999907,9.330948e-06,0,2
0.9960723,0.0039276653,0.87913394,0.12086611,0,1
0.004967093,0.9950329,0.084886394,0.9151136,1,3
0.03311228,0.9668878,0.10075856,0.89924145,1,1
0.9999988,1.2230362e-06,0.5612397,0.43876022,0,1
2.4385398e-07,0.99999976,0.016285481,0.9837145,1,3
1.0,2.0104321e-10,1.0,1.4599727e-08,0,4
1.0,4.347404e-09,0.999566,0.0004339805,0,0
0.0029484732,0.9970515,0.31698006,0.6830199,1,0
0.99999595,4.084298e-06,0.99992716,7.288116e-05,0,0
0.00033258332,0.9996674,0.00045098658,0.999549,1,2
4.0342187e-05,0.9999597,0.23310022,0.76689976,1,4
0.99994624,5.3757245e-05,0.9998017,0.0001982789,0,2
0.0056630676,0.9943369,0.17635274,0.8236473,1,2
1.0,3.4510974e-17,0.99999976,2.4276687e-07,0,3
0.22734131,0.7726587,0.10662268,0.89337736,1,2
0.99868804,0.0013119865,0.99834776,0.0016522313,0,2
0.00013673079,0.99986327,0.43575656,0.56424344,1,2
0.99997365,2.6330836e-05,0.8137936,0.18620643,0,3
0.99996364,3.6349706e-05,0.99943465,0.00056538085,0,2
0.0039532077,0.9960467,0.18087941,0.8191206,0,0
1.0,1.4396508e-08,0.9999914,8.579067e-06,0,4
0.99999964,3.2275128e-07,0.9999962,3.866778e-06,0,2
1.0,9.165185e-15,1.0,1.2802591e-08,0,4
0.9987307,0.0012693355,0.8335105,0.16648945,0,0
0.99996424,3.5784364e-05,0.99998176,1.82733e-05,0,0
0.00074678153,0.9992532,0.0070452206,0.9929548,1,3
0.0005816447,0.9994184,0.04738907,0.9526109,1,1
0.92695594,0.07304407,0.9850974,0.014902626,0,4
1.3453717e-06,0.9999987,0.008274216,0.9917258,1,4
0.9515634,0.04843664,0.90616995,0.09383005,0,4
1.0,2.2938077e-12,0.9999964,3.535358e-06,0,3
0.020176714,0.9798233,0.82372135,0.17627865,1,0
7.352427e-06,0.9999926,9.896703e-05,0.99990106,1,3
0.074947044,0.925053,0.07000521,0.9299948,1,1
1.0,1.5871894e-09,0.9816232,0.018376801,0,1
0.99993134,6.870939e-05,0.98997563,0.010024377,0,3
0.9999949,5.101473e-06,0.9991906,0.0008094262,0,1
0.9999995,4.8933686e-07,0.99700135,0.0029986238,0,4
0.00026322223,0.9997367,0.0007022109,0.99929774,1,1
0.060625292,0.93937474,0.086384,0.91361594,1,1
3.273175e-05,0.9999672,0.014232752,0.98576725,1,4
1.0,5.3802234e-11,1.0,2.3040421e-08,0,4
0.0009086044,0.9990914,0.028257981,0.97174203,1,1
0.3837218,0.6162782,0.00068483833,0.99931514,1,0
0.00035661823,0.9996433,0.01158874,0.9884113,1,4
0.03558819,0.9644118,0.21617833,0.78382164,1,3
0.0025651178,0.9974349,0.0041089244,0.9958911,1,1
0.0009089815,0.999091,0.0005438114,0.9994562,1,4
0.027443098,0.97255695,0.0021884837,0.9978115,1,2
0.4364915,0.56350857,0.117443874,0.88255614,1,4
5.1854164e-05,0.99994814,0.034817006,0.96518296,1,1
1.0,6.7145356e-10,0.99803656,0.001963493,0,1
0.4114462,0.5885538,0.555059,0.444941,1,2
0.23972474,0.76027524,0.0052800663,0.99471986,1,1
0.0003101471,0.9996898,0.0005093993,0.9994906,1,1
2.1209205e-05,0.9999788,0.8336419,0.1663581,1,0
0.40719488,0.59280515,0.20313287,0.7968672,1,1
0.10629015,0.89370984,0.62528944,0.37471056,0,3
1.0,1.1933788e-22,1.0,7.71576e-10,0,4
5.254974e-05,0.9999474,0.09841123,0.90158874,1,1
0.0008027294,0.9991973,0.005409647,0.9945904,1,4
0.9999987,1.305126e-06,0.99704415,0.0029558167,0,0
1.0,1.3774581e-08,0.9910154,0.008984644,0,4
0.01539359,0.9846064,0.015090294,0.9849097,1,4
1.0,5.313306e-14,0.999998,2.0467164e-06,0,0
0.9999988,1.1558192e-06,0.98479015,0.015209848,0,2
0.6186081,0.38139188,0.078465365,0.9215346,0,1
0.47089392,0.529106,0.66553074,0.3344692,1,1
1.0,4.3979647e-08,0.9998167,0.00018327795,0,4
0.9750078,0.024992233,0.99985933,0.00014061319,0,2
0.89087737,0.10912264,0.98670536,0.013294575,1,2
0.99999845,1.5479889e-06,0.9999975,2.538642e-06,0,1
0.90585893,0.09414108,0.13221745,0.8677826,1,1
0.9999795,2.0562758e-05,0.99996364,3.6336118e-05,0,4
0.9963858,0.003614141,0.9999896,1.0322123e-05,0,2
0.00043953027,0.9995604,0.0001989508,0.9998011,1,0
0.99656194,0.0034380152,0.9999945,5.451623e-06,0,2
0.001492551,0.99850744,0.04073901,0.959261,1,4
1.0,7.997732e-09,0.9383045,0.061695542,0,0
1.0,2.3147761e-16,0.999997,3.0035792e-06,0,0
0.012662018,0.98733795,0.054992378,0.9450076,1,1
2.9457174e-06,0.999997,0.2681841,0.7318159,1,3
0.00016282519,0.99983716,0.001810928,0.99818903,1,2
1.0,9.330734e-09,0.9999999,1.1121942e-07,0,1
0.99973506,0.0002649523,0.9870586,0.012941397,0,4
0.96714157,0.03285844,0.84760684,0.15239316,0,0
0.88228714,0.11771289,0.90593976,0.09406027,0,1
1.0,2.9768392e-08,0.99999547,4.556422e-06,0,0
0.9998055,0.0001945004,0.96817195,0.031828046,0,1
0.99999976,2.7166183e-07,0.99993706,6.29423e-05,0,2
0.008525212,0.99147475,0.011263338,0.9887367,1,1
0.00023733843,0.9997627,0.0046156673,0.9953843,1,4
1.0,2.5977958e-13,0.99999607,3.986206e-06,0,4
0.9988626,0.0011374274,0.9997466,0.00025331523,0,1
0.013728368,0.9862716,0.002493061,0.9975069,1,2
0.9999999,7.634769e-08,0.9955937,0.0044062524,0,0
0.96501863,0.034981363,0.99994385,5.612783e-05,0,2
0.22855766,0.7714423,0.93887293,0.061127126,1,2
0.6907765,0.30922344,0.4740225,0.5259775,0,0
0.0043075182,0.99569255,0.8103189,0.18968114,1,0
0.9999809,1.9085677e-05,0.9972736,0.0027263265,0,0
0.8766214,0.12337853,0.88823897,0.11176098,0,1
0.9999995,4.518639e-07,0.9999175,8.243385e-05,0,0
0.99999976,2.7544976e-07,0.99815494,0.0018450666,0,3
0.9999999,1.087415e-07,0.9999863,1.3674025e-05,0,3
5.139004e-05,0.9999486,0.022088926,0.97791106,1,1
0.093475245,0.9065247,0.95729244,0.042707603,1,1
0.99993217,6.7876455e-05,0.99898094,0.0010189936,0,3
0.055401664,0.9445984,0.093597755,0.9064023,1,2
0.15187879,0.8481213,0.07787604,0.92212397,1,3
1.0,2.2115383e-14,1.0,1.8343191e-09,0,1
0.9999999,1.6134283e-07,0.99998903,1.0949113e-05,0,1
0.9479357,0.052064344,0.9948714,0.0051286635,0,2
1.0,1.1635278e-08,0.9998685,0.00013145655,0,4
1.2894397e-07,0.9999999,0.2004512,0.7995488,1,3
0.12098335,0.87901664,0.98992914,0.01007081,0,4
1.0,7.308633e-10,0.99998045,1.9519777e-05,0,0
0.9999323,6.7654335e-05,0.99996626,3.370201e-05,0,3
1.0,8.239799e-12,0.9999392,6.0786548e-05,0,2
1.0,1.7350868e-12,1.0,4.2845865e-09,0,0
0.06405073,0.93594927,0.7765008,0.22349922,1,0
0.2515283,0.7484717,0.8964433,0.10355671,1,2
6.02986e-08,0.9999999,0.026148856,0.9738512,1,3
6.2922063e-06,0.9999937,8.71865e-05,0.99991286,1,0
0.004751699,0.9952484,0.027700571,0.97229946,1,4
0.5170465,0.48295346,0.81860197,0.18139802,0,1
4.802697e-05,0.99995196,0.012761465,0.9872385,1,4
0.2530607,0.7469393,0.1665058,0.8334942,1,2
0.022406863,0.97759306,0.0089508,0.9910492,1,1
0.0001088827,0.99989116,0.033549696,0.96645033,1,1
0.999984,1.5941332e-05,0.9999896,1.0335106e-05,0,1
1.0393561e-05,0.9999896,0.004249227,0.9957508,1,3
0.9997482,0.0002517872,0.9999993,7.316924e-07,0,4
0.0045619044,0.99543816,0.057465512,0.9425345,1,2
0.6896328,0.31036723,0.6835622,0.31643775,1,0
0.90199065,0.09800933,0.98423195,0.015768006,0,4
1.293956e-06,0.9999987,2.7994172e-05,0.999972,1,2
0.85755813,0.14244185,0.9633846,0.036615364,0,1
1.0,2.0038186e-12,0.9999999,8.5094385e-08,0,4
0.00013455364,0.9998654,0.0021484331,0.9978516,1,0
1.0,1.5259637e-08,0.99999917,8.0685203e-07,0,1
2.7691895e-06,0.99999726,0.0004727458,0.9995272,1,1
0.9999896,1.0425358e-05,0.9979956,0.0020043862,0,2
0.9910383,0.008961648,0.9952028,0.00479717,0,0
0.18746297,0.812537,0.71983284,0.2801672,1,0
0.00020895779,0.9997911,0.0059575834,0.99404246,1,3
0.48917764,0.51082236,0.0027669182,0.9972331,1,4
0.0001650697,0.9998349,0.032261383,0.9677386,1,0
0.32151434,0.67848563,0.004709454,0.9952905,1,1
1.0,2.7863443e-08,0.999985,1.503537e-05,0,4
0.0005929798,0.99940705,0.008720358,0.99127966,1,1
0.9254563,0.07454365,0.0107435305,0.9892565,1,4
0.8763491,0.12365093,0.66899955,0.33100045,1,3
0.009787956,0.990212,0.11563702,0.88436294,1,1
0.99356973,0.006430299,0.987407,0.012593034,0,1
0.0042697527,0.9957302,0.20904364,0.7909564,1,2
0.99920183,0.0007981841,0.99960583,0.00039424418,0,2
0.99559635,0.0044036154,0.65817124,0.34182873,0,0
1.0,7.988744e-15,1.0,1.8567073e-08,0,0
0.7756632,0.2243368,0.33608437,0.6639156,0,3
1.0,2.7950147e-12,0.9999466,5.3407384e-05,1,3
1.9493436e-05,0.99998045,0.00023872487,0.9997613,1,0
0.99907,0.00093008974,0.9515983,0.048401684,0,0
0.1598431,0.8401569,0.006605026,0.99339503,1,2
0.00012871702,0.99987125,0.023580218,0.9764198,1,2
0.002482473,0.9975176,0.17489192,0.82510805,1,0
1.0,2.2780334e-08,0.9999566,4.3418717e-05,0,3
1.5537376e-05,0.9999845,0.00095549016,0.9990445,1,1
0.0007205043,0.99927956,0.005318364,0.99468166,1,4
9.282327e-06,0.9999907,0.089897834,0.9101021,1,0
0.9896371,0.010362943,0.999456,0.0005440501,0,2
1.0,8.5594853e-10,0.9989568,0.0010432085,0,3
1.0,1.9562654e-12,1.0,2.5808772e-08,0,1
0.10230359,0.8976964,0.05625002,0.9437499,1,1
0.0033609679,0.996639,0.069348164,0.93065184,1,2
0.3284861,0.6715139,0.8643456,0.13565436,1,0
0.00011961044,0.99988043,0.006257813,0.99374217,1,2
0.10173004,0.89826995,0.04692005,0.95308,1,3
0.4199264,0.5800736,0.18516964,0.8148303,1,4
0.00038287783,0.9996171,0.02697134,0.9730287,1,3
1.0,8.7523153e-13,0.9933571,0.0066428394,0,1
0.0035225966,0.9964774,0.3107245,0.6892755,1,3
0.9998965,0.000103447295,0.9999113,8.8640794e-05,0,1
0.011561309,0.98843867,0.23910442,0.76089555,1,3
0.0053858194,0.9946142,1.1805892e-05,0.9999882,1,4
1.0,4.027501e-12,0.9999925,7.4688937e-06,0,3
1.0,1.547505e-18,1.0,8.317706e-09,0,1
0.99999774,2.3073396e-06,0.9999418,5.8130445e-05,0,2
0.9999964,3.5399971e-06,0.99436295,0.005637061,0,1
0.98388773,0.016112315,0.99999475,5.2655546e-06,0,4
0.99965906,0.00034090693,0.99525744,0.0047426,0,4
1.0,1.3413339e-12,0.99999595,4.007283e-06,0,3
0.016457427,0.98354256,0.0025864756,0.9974136,1,3
0.99995136,4.8625978e-05,0.9998814,0.00011864625,0,2
0.10816025,0.89183974,0.67112267,0.32887727,0,2
0.0005789539,0.9994211,0.018773703,0.9812263,1,4
1.0,9.076248e-13,0.99999964,3.9957027e-07,0,1
0.00012351513,0.9998765,0.04266283,0.9573372,1,1
0.80711764,0.19288234,0.887911,0.11208891,0,2
0.00085732294,0.99914265,0.27894104,0.72105896,1,4
2.1720462e-06,0.99999785,0.106848985,0.893151,1,3
1.0,1.2299404e-09,0.999944,5.6000423e-05,0,4
0.00019298377,0.99980706,0.6029733,0.39702666,1,3
1.27230405e-05,0.99998724,0.04839894,0.9516011,1,0
0.98709804,0.0129020065,0.9998661,0.00013383132,0,2
1.0,1.4766278e-11,0.99989355,0.00010648938,0,0
0.9999863,1.3688115e-05,0.99983096,0.00016899499,0,0
0.19587138,0.80412865,0.074256204,0.9257438,1,0
0.9996245,0.0003755381,1.0,3.1776637e-09,0,2
0.99999917,8.618121e-07,0.9987691,0.001230911,0,2
3.273445e-06,0.9999968,0.013558699,0.9864413,1,0
0.8820619,0.11793809,0.9774374,0.022562591,0,2
0.0002767161,0.99972326,0.013826357,0.9861736,1,4
0.99999726,2.78593e-06,0.9999999,6.0609125e-08,0,2
0.9998018,0.00019819876,0.9993936,0.0006064403,0,4
1.0,1.3404308e-16,1.0,1.01486475e-11,0,4
0.1207451,0.87925494,0.36750388,0.6324962,0,1
0.0007564069,0.9992436,0.30895445,0.6910455,1,0
0.31445414,0.68554586,0.061511926,0.93848807,1,2
1.0,2.728284e-09,0.9991811,0.0008188741,0,4
0.62669665,0.37330335,0.31469485,0.6853052,1,3
1.0,1.4165158e-18,0.9999981,1.8625706e-06,0,4
0.9997371,0.00026293632,0.9999114,8.8558096e-05,0,2
1.0,8.572315e-09,0.99999964,3.499976e-07,0,2
0.99777156,0.002228416,0.9999994,5.801328e-07,0,2
0.25231692,0.7476831,0.1619437,0.83805627,1,2
0.26366866,0.73633134,0.09317495,0.90682507,1,1
0.090463184,0.90953684,0.00053260336,0.99946743,1,0
0.46607196,0.5339281,0.19180992,0.80819005,0,2
0.9996259,0.00037404426,0.9973425,0.0026574312,0,3
1.0,3.5237274e-08,0.9999459,5.4086744e-05,0,2
0.9999999,1.7593618e-07,0.99975556,0.00024440986,0,2
0.18620087,0.81379914,0.009816615,0.9901834,1,1
0.007592205,0.9924078,0.06752145,0.93247855,1,3
1.0,1.1607005e-10,1.0,1.0363775e-09,0,1
0.0028151846,0.9971848,0.02656376,0.97343624,1,1
0.030586656,0.96941334,0.37928057,0.6207194,1,4
0.986245,0.0137550915,0.99999464,5.3640188e-06,0,1
1.0,4.8676566e-12,1.0,1.6626505e-08,0,3
0.0011529636,0.998847,0.9143805,0.08561952,1,3
0.008441814,0.9915582,0.004457093,0.99554294,1,1
0.0014942498,0.99850583,0.18734986,0.81265014,1,0
0.0010576879,0.9989423,0.02503326,0.97496676,1,4
1.0,2.1569365e-21,1.0,4.8736418e-11,0,1
1.0,1.8555169e-09,0.9999769,2.309263e-05,0,0
0.9997948,0.00020521635,0.99967146,0.00032858647,0,0
1.0,3.036087e-14,0.9999999,1.3123861e-07,0,1
0.0019039615,0.99809605,0.023716718,0.9762833,1,4
0.0033325711,0.99666744,0.10855684,0.89144313,1,1
0.99999964,3.449745e-07,0.99993336,6.665428e-05,0,3
7.97126e-05,0.99992025,0.0016140499,0.9983859,1,0
0.010323948,0.98967606,0.083508186,0.9164918,1,1
1.0,4.1009645e-08,0.99975926,0.00024077026,0,3
0.99999905,9.850203e-07,0.9965185,0.0034815264,0,2
0.99999857,1.3942714e-06,1.0,4.5021302e-08,0,1
0.9999981,1.9439192e-06,0.9977471,0.0022527988,0,2
0.9999994,5.4963175e-07,0.99993134,6.863957e-05,0,3
0.0027363277,0.99726367,0.119068794,0.88093126,1,1
0.99999857,1.4380421e-06,0.9992685,0.00073158357,0,0
1.0,1.4556113e-10,0.70398974,0.29601023,0,3
0.99999344,6.5853383e-06,0.9970631,0.002936951,0,1
1.0,7.999189e-11,0.9999887,1.130884e-05,0,3
1.0,9.321831e-11,0.9998004,0.00019960309,0,3
0.9106579,0.08934209,0.81766856,0.18233146,1,4
0.9999989,1.068687e-06,0.9999819,1.8136874e-05,0,0
0.00023375264,0.9997663,0.07384149,0.92615855,1,3
0.07152558,0.92847437,0.0041117957,0.9958882,1,2
0.1579805,0.84201944,0.078382574,0.92161745,1,3
0.005132592,0.99486744,0.0001540587,0.99984586,1,0
0.23638332,0.7636167,0.72200394,0.27799603,1,4
1.0,1.4793355e-13,0.9999988,1.2096211e-06,0,1
0.9999999,7.876911e-08,0.9998902,0.00010978796,0,3
0.04538276,0.9546172,0.016034346,0.98396564,1,2
0.0010938789,0.99890614,0.05092389,0.9490762,1,0
1.6578553e-06,0.99999833,0.7901812,0.20981874,1,0
0.016225323,0.98377466,0.14097624,0.8590238,1,1
0.9999999,1.578183e-07,0.9999751,2.4936226e-05,0,2
1.0,4.4655873e-19,1.0,6.544148e-10,0,4
0.001367014,0.99863297,0.033039123,0.96696085,1,2
0.99942434,0.00057570345,0.999998,2.0213133e-06,0,2
0.0013264013,0.9986737,0.0043400484,0.9956599,1,2
0.24207562,0.7579244,0.90481716,0.09518286,0,2
0.84512174,0.1548783,0.69910926,0.30089077,1,1
7.986583e-06,0.999992,0.0004058205,0.99959415,1,3
0.99998856,1.1495212e-05,0.9999999,9.1099686e-08,0,2
0.9999995,4.392197e-07,0.91482925,0.08517082,0,0
0.020026416,0.97997355,0.86141247,0.13858752,1,2
1.2544343e-05,0.9999875,0.0031428852,0.99685705,1,0
1.0,6.446694e-11,0.99999774,2.2357042e-06,0,0
0.9817724,0.01822765,0.6478023,0.35219768,0,1
0.99999,9.957792e-06,0.9984724,0.0015275867,0,2
0.074396744,0.9256033,0.009621376,0.9903786,1,4
0.0015218874,0.9984781,0.019118438,0.9808816,1,3
0.99999547,4.5237757e-06,0.9999999,1.2854002e-07,0,2
0.79117674,0.20882326,0.97575706,0.024242913,0,4
0.00405549,0.99594456,0.19577596,0.8042241,1,2
0.41620883,0.58379114,0.8584831,0.14151698,1,2
0.0003716022,0.9996284,0.0001515934,0.99984837,1,0
0.0003523044,0.99964774,0.17946266,0.8205373,1,1
1.0,5.465796e-14,0.9996394,0.0003605701,0,0
0.0023433154,0.9976567,0.020265771,0.97973424,1,1
0.9748394,0.025160614,0.9911521,0.0088478355,0,4
0.0009131247,0.99908686,0.03689426,0.9631058,1,3
0.9130076,0.08699236,0.45467004,0.54533,0,0
0.10469445,0.8953055,0.017345143,0.98265487,1,3
0.9999964,3.5615574e-06,0.97454876,0.025451198,0,1
0.0017594997,0.9982405,0.006394017,0.993606,1,3
0.63573027,0.36426973,0.9921665,0.007833552,1,2
1.0,4.6157365e-13,0.9999993,7.078988e-07,0,4
1.0,5.8215776e-20,1.0,1.4592758e-09,0,0
0.045890383,0.9541096,0.0027941468,0.9972058,1,4
0.7647257,0.23527431,0.938068,0.061932076,1,0
0.99999666,3.2812177e-06,0.9999887,1.1352419e-05,0,1
0.08886397,0.91113603,0.007500067,0.9924999,1,1
0.98916036,0.010839666,0.9977635,0.0022364587,0,0
0.7412559,0.25874412,0.20650116,0.7934989,1,1
0.0023977906,0.9976023,0.00045190234,0.999548,1,2
0.9999982,1.7853246e-06,0.9997615,0.00023844164,0,1
1.0,4.0742596e-09,1.0,1.2555326e-08,0,2
0.46473798,0.535262,0.99954885,0.00045109537,0,1
0.99999166,8.319632e-06,0.9942416,0.005758477,0,0
0.99994504,5.497314e-05,0.9999646,3.5372268e-05,0,2
1.0,9.530498e-16,1.0,2.3351364e-11,0,2
0.03849737,0.9615027,0.006700067,0.99329996,1,3
9.488776e-05,0.9999051,0.087077625,0.9129224,1,4
1.0,7.6574285e-09,0.9993754,0.0006246349,0,0
0.05104953,0.9489504,0.1325743,0.86742574,1,3
1.0,6.3213035e-15,1.0,2.6494387e-08,0,2
1.0,1.5129956e-18,0.99999845,1.5306446e-06,0,0
0.00988861,0.9901114,0.4182056,0.58179444,1,2
0.004471563,0.9955284,0.010643475,0.9893566,1,0
0.18226309,0.8177369,0.4223666,0.5776334,1,0
1.0,3.0774615e-12,0.99997485,2.5201618e-05,0,0
1.0,4.9502032e-33,1.0,8.061892e-12,0,4
0.10089134,0.89910865,0.3246079,0.6753921,1,2
1.0,2.988065e-10,0.9999964,3.5727599e-06,0,0
0.004428792,0.9955712,0.0051056524,0.9948944,1,0
0.99708134,0.0029186544,0.99995065,4.937342e-05,0,1
0.023117725,0.9768822,0.0036795684,0.9963205,1,0
0.99999046,9.534756e-06,0.9999696,3.0435458e-05,0,3
0.0067361696,0.99326384,0.014479092,0.9855209,1,1
0.6904675,0.30953252,0.99738735,0.0026127086,1,0
0.00070163724,0.99929833,0.15052782,0.8494722,1,1
0.04730911,0.9526909,0.031141859,0.9688581,1,2
0.39933285,0.6006671,0.22314215,0.77685785,1,2
1.0,1.9761984e-08,0.9999831,1.6974947e-05,0,0
1.0,2.785033e-11,0.99999964,3.105983e-07,0,3
0.98418844,0.015811594,0.99085075,0.009149213,0,0
0.99994063,5.9392845e-05,0.9959757,0.0040242895,0,0
0.13879785,0.8612021,0.0047606146,0.9952394,1,0
0.00013348694,0.9998665,0.013188336,0.9868117,1,3
1.0,9.68904e-09,0.9999944,5.558346e-06,0,0
3.0602942e-07,0.99999964,0.0018704891,0.99812955,1,1
0.0099672945,0.9900327,0.9707901,0.029209897,1,3
1.0,1.5149878e-11,0.9999994,5.985676e-07,0,4
0.16093703,0.839063,0.37632468,0.62367535,1,2
0.0147526525,0.9852474,0.005426277,0.9945738,1,2
0.054097794,0.9459022,0.016179599,0.98382044,1,3
0.99999845,1.5425967e-06,0.9999379,6.213926e-05,0,2
0.99999857,1.4763199e-06,0.9999962,3.8586736e-06,0,0
1.0,5.7978386e-21,1.0,6.841785e-10,0,3
0.004371565,0.9956285,0.011904697,0.9880953,1,4
1.0,2.8639452e-08,0.99898154,0.0010183938,0,4
0.9999982,1.7420247e-06,0.99995685,4.3197473e-05,0,1
0.058523297,0.9414767,0.014943393,0.9850566,1,4
0.99999416,5.867188e-06,0.9940124,0.0059876195,0,0
0.0014696402,0.9985304,0.08815756,0.91184247,1,1
0.6342348,0.3657652,0.1030597,0.8969403,0,3
1.0,7.517116e-09,0.9955746,0.004425406,0,1
0.8109844,0.18901566,0.9272964,0.07270363,0,1
1.0,2.5390583e-15,0.99999857,1.4231995e-06,0,4
0.0012466515,0.9987533,0.027610427,0.9723895,1,1
0.91922486,0.08077511,0.014840772,0.9851592,1,0
0.7184895,0.28151053,0.9998348,0.000165187,0,2
0.9999993,7.573099e-07,0.6427072,0.3572928,0,0
1.0,2.7015455e-15,0.9999987,1.2998172e-06,0,4
3.2309177e-05,0.9999677,0.00037518027,0.99962485,1,1
0.5349861,0.46501398,0.13781959,0.86218035,1,0
1.0,7.725799e-11,0.9999809,1.9103578e-05,0,4
0.005696342,0.9943037,0.8754444,0.12455559,1,3
1.0,1.2457066e-09,0.9992034,0.0007965777,0,0
1.0,1.2805365e-13,0.99999845,1.5431145e-06,0,0
0.99999535,4.697746e-06,0.9999137,8.6265536e-05,0,3
1.0,4.613528e-09,0.9999902,9.752091e-06,0,0
1.0,2.6358848e-08,0.9992487,0.0007512684,0,2
1.0,8.294488e-26,0.99999905,9.2321585e-07,0,0
0.99999726,2.7662966e-06,1.0,3.5245808e-08,0,2
0.002193855,0.99780613,0.002695907,0.9973041,1,2
0.99939144,0.00060856325,0.99905425,0.0009457867,0,2
1.0,8.045561e-09,0.99876106,0.0012389513,0,3
1.0,8.430549e-09,0.9999933,6.711783e-06,0,4
0.43999994,0.56000006,0.49500912,0.5049909,1,2
0.9999999,9.931458e-08,0.99995005,5.000043e-05,0,0
0.006369788,0.99363023,0.0013926108,0.99860746,1,1
0.012385126,0.98761487,0.02281405,0.97718596,1,1
1.0,1.8704246e-11,1.0,2.1076554e-09,0,2
0.9999999,9.47482e-08,0.9999974,2.6046503e-06,0,2
2.7604776e-06,0.99999726,0.025926191,0.9740738,1,4
0.9997433,0.00025676473,0.9999939,6.0860675e-06,0,2
0.006867273,0.99313277,0.00028194563,0.999718,1,3
0.008113377,0.99188656,0.29548702,0.704513,1,2
0.999998,2.0728303e-06,0.99999297,6.9917583e-06,0,3
0.4107656,0.5892345,0.08598261,0.9140173,1,1
0.9975043,0.0024957543,0.99839705,0.0016029266,0,3
0.021900631,0.9780994,0.01899118,0.98100877,1,3
0.99520516,0.004794837,0.9898341,0.010165958,0,4
0.03467473,0.96532524,0.0023937481,0.9976063,1,1
0.00042426473,0.9995757,0.0018274803,0.9981725,1,0
0.002671181,0.99732876,0.19383113,0.80616885,1,0
0.0045804624,0.9954195,0.54380167,0.45619833,1,0
0.13971488,0.86028516,0.2390058,0.7609942,1,4
0.9986972,0.0013027684,0.88822705,0.111773014,0,1
0.9771074,0.02289251,0.87440896,0.12559107,0,0
1.0,4.69094e-12,0.9999999,7.241715e-08,0,2
0.99999976,2.2451859e-07,0.99999344,6.583655e-06,0,2
0.02547302,0.97452694,0.9999994,6.2551914e-07,0,4
0.9999999,1.4187842e-07,0.99996483,3.51875e-05,0,3
0.9465182,0.05348182,0.955033,0.044966996,0,1
0.035299867,0.96470016,0.055785656,0.94421434,1,3
0.9992828,0.0007172775,0.9826676,0.017332371,0,2
1.0,9.6068545e-17,0.9976094,0.0023905968,0,3
0.0009595,0.9990404,0.21637143,0.78362864,1,0
0.99941814,0.00058192416,0.97687757,0.023122404,0,3
0.013687785,0.9863122,0.080108225,0.9198918,1,0
1.0,3.343801e-10,0.99999714,2.845552e-06,0,4
0.00011829469,0.99988174,0.003817095,0.99618286,1,4
0.99999547,4.5177317e-06,0.9995473,0.00045272807,0,2
0.9973603,0.0026396397,0.9991549,0.0008450368,0,2
1.0,1.4469217e-11,0.9998722,0.00012782657,0,0
0.076113805,0.92388624,0.0799922,0.92000777,1,2
0.09904033,0.90095973,0.40776876,0.5922313,1,3
1.0,2.8671623e-13,1.0,5.810594e-13,0,3
0.037200846,0.96279913,0.12455289,0.87544715,1,0
0.97958857,0.020411355,0.9999844,1.5644668e-05,0,2
0.88892835,0.111071676,0.984674,0.015325965,0,2
0.9926853,0.007314669,0.93326896,0.06673105,0,2
1.0,2.3424855e-13,0.9999987,1.3107791e-06,0,1
0.028114695,0.97188526,0.458494,0.541506,1,2
0.19631879,0.80368125,0.8791098,0.12089025,1,2
0.99482214,0.0051778234,0.90233946,0.09766051,0,0
1.0,8.2266625e-14,0.9999995,4.1939666e-07,0,0
0.0065088593,0.9934911,0.61039263,0.38960737,1,1
1.0,1.6552588e-27,1.0,1.5557795e-11,0,3
1.0,1.4125165e-08,0.99716264,0.002837365,0,1
0.07448397,0.925516,0.010822292,0.9891777,1,2
0.00010693181,0.99989307,0.02963889,0.9703611,1,0
1.0,3.9425053e-08,0.99037397,0.009625994,0,1
1.0,1.7612612e-12,0.99999785,2.1124915e-06,0,1
1.0,2.4580398e-08,0.99998915,1.0880476e-05,0,1
0.99998677,1.3196746e-05,0.9998441,0.00015586654,0,2
1.0,2.9636615e-08,0.9745986,0.025401378,0,1
1.0,1.09131255e-08,0.99946433,0.0005357366,0,0
0.033373654,0.9666264,0.013366431,0.98663354,1,3
0.9999925,7.5486796e-06,0.9923403,0.0076596565,0,0
0.00754578,0.99245423,0.20222613,0.79777384,1,3
0.006474029,0.993526,0.13218023,0.8678198,1,0
0.1152639,0.8847361,0.023879455,0.97612053,1,1
0.00033070843,0.9996693,0.024624662,0.9753753,1,0
0.99998236,1.7604336e-05,0.9999865,1.3435738e-05,0,1
1.0,1.0593561e-11,1.0,4.832274e-08,0,4
2.434957e-06,0.9999976,0.015435656,0.9845643,1,1
0.9999614,3.85828e-05,0.9813362,0.018663792,0,3
0.11696303,0.8830369,0.4701484,0.52985156,1,2
0.017437723,0.9825623,0.0133785745,0.9866215,1,1
0.0015442962,0.99845564,0.12961549,0.8703846,1,0
0.99999535,4.6120967e-06,0.99834514,0.0016548518,0,1
0.006292135,0.9937079,0.014226724,0.98577327,1,4
0.0028973029,0.9971027,0.0021562686,0.99784374,1,4
0.0076818075,0.99231815,0.083449595,0.91655034,1,3
0.004408261,0.9955917,0.11765091,0.8823491,1,4
0.9999999,1.6264362e-07,0.99895835,0.0010416032,0,3
0.5022337,0.49776635,0.7175194,0.28248066,1,3
0.9999999,9.646025e-08,0.99999905,9.835278e-07,0,4
0.9937086,0.006291426,0.8881356,0.11186433,0,4
0.9999844,1.5627535e-05,0.9999994,5.6901183e-07,0,2
0.0016880553,0.998312,0.8216495,0.17835051,1,2
0.9999994,5.5444144e-07,0.9999472,5.2858395e-05,0,2
0.08054012,0.91945994,0.031370547,0.9686294,1,0
2.8031813e-05,0.999972,0.003854459,0.9961455,1,3
1.3246375e-05,0.99998677,0.00040169488,0.9995983,1,3
0.01518015,0.9848199,0.6877656,0.31223437,1,4
0.9999759,2.407672e-05,0.9967667,0.0032333038,0,3
0.9999827,1.72803e-05,0.99931693,0.00068305794,0,0
0.9999999,1.0513125e-07,0.99999976,1.8033317e-07,0,3
0.007220229,0.9927798,0.027392766,0.97260725,1,2
1.0,3.5724487e-10,0.9999999,1.5046423e-07,0,3
0.9999869,1.3163551e-05,0.9272423,0.07275766,0,4
0.99998987,1.011906e-05,0.99982953,0.00017044481,0,4
0.011446373,0.98855364,0.59066546,0.40933454,1,1
0.58397985,0.4160201,0.054077752,0.94592226,1,3
0.9990792,0.0009207021,0.7823643,0.21763568,0,1
0.07026614,0.9297338,0.054887924,0.9451121,1,4
0.00055395847,0.999446,0.11967021,0.8803298,1,2
1.0,2.147289e-11,1.0,5.915941e-08,0,0
0.99991477,8.518559e-05,0.28969702,0.710303,0,1
0.9688465,0.031153532,0.997948,0.0020519912,1,4
0.00061637326,0.99938357,0.0057299263,0.9942701,1,4
1.0,3.4998794e-13,0.99999976,2.3166015e-07,0,3
1.0,1.9318828e-11,0.9994943,0.0005056196,0,4
0.16475274,0.8352473,0.024285717,0.97571427,1,0
1.0,9.584985e-13,1.0,7.2280226e-09,0,3
1.0,4.2850742e-10,0.9999701,2.9878467e-05,0,1
0.00095299864,0.999047,0.001446091,0.99855393,1,0
0.001883946,0.998116,0.040930532,0.9590695,1,0
0.3063558,0.69364417,0.44617626,0.55382377,1,2
0.9999758,2.4139852e-05,0.9971731,0.0028269272,0,2
0.0020027147,0.9979972,0.13696201,0.86303794,1,3
1.0,1.854406e-09,0.9927071,0.0072929817,0,0
0.32476407,0.6752359,0.48366952,0.5163305,0,0
0.0062625,0.99373746,2.8129585e-05,0.99997187,1,2
0.999376,0.00062401395,0.99804026,0.001959774,0,2
1.0,2.0870745e-08,1.0,5.0225182e-08,0,4
4.5238397e-05,0.9999547,0.00018077745,0.9998192,1,3
9.667393e-05,0.9999033,0.015945565,0.9840544,1,3
0.05405066,0.9459494,0.022758996,0.977241,1,4
0.9998969,0.00010314992,0.99281764,0.007182316,0,1
1.0,1.07630176e-10,0.99992144,7.850501e-05,0,0
0.022665879,0.9773341,0.0019650075,0.998035,1,1
0.0066142366,0.99338573,0.03093593,0.96906406,1,2
0.9999981,1.953693e-06,0.99999154,8.448357e-06,0,0
0.9999988,1.1503187e-06,0.99993765,6.233345e-05,0,2
0.0041247187,0.9958753,6.917248e-05,0.99993086,1,1
0.014115066,0.9858849,0.027920142,0.9720799,1,1
0.009940745,0.9900593,0.07761559,0.9223844,1,4
1.0,5.29133e-10,0.99999917,8.369484e-07,0,2
0.048197303,0.9518027,0.1118872,0.8881128,1,3
7.1087095e-05,0.99992895,0.009019367,0.99098057,1,4
0.999997,3.0332367e-06,0.9999907,9.238894e-06,0,2
0.63829386,0.36170614,0.06228227,0.93771774,1,0
0.9999231,7.6868746e-05,0.9854731,0.014526907,0,2
0.0042844834,0.99571544,0.70335966,0.29664028,1,2
1.0,3.1977944e-13,0.9973239,0.0026760648,0,0
0.0006811483,0.99931884,0.005679244,0.99432075,1,1
0.47643474,0.52356523,0.23627704,0.76372296,1,1
0.1470822,0.85291785,0.0009622547,0.99903774,1,1
0.14370625,0.85629374,0.706801,0.29319897,1,4
1.0,9.011466e-15,0.9999224,7.7540244e-05,0,4
0.9999999,1.12201676e-07,0.9995646,0.00043539022,0,0
0.74289405,0.25710595,0.9994475,0.00055247673,0,1
0.9998951,0.0001049377,1.0,3.434545e-08,0,4
3.067416e-05,0.99996936,0.042492684,0.9575074,1,3
0.99999976,2.2272803e-07,0.23417145,0.76582855,0,4
0.9687793,0.031220622,0.9531716,0.046828385,0,4
1.0,1.8676745e-09,0.9998677,0.00013231019,0,3
0.9999945,5.4832835e-06,0.9999809,1.9075178e-05,0,2
1.0,6.8993066e-12,0.99999833,1.6318179e-06,0,3
0.0003809384,0.999619,0.0023291758,0.9976708,1,4
0.00042592295,0.9995741,0.060040213,0.93995976,1,3
0.99999535,4.590897e-06,0.9999976,2.3494372e-06,0,0
0.9999918,8.262868e-06,0.9999211,7.89545e-05,0,0
0.9995111,0.0004888887,0.9999863,1.3682581e-05,0,1
0.2271888,0.77281123,0.058195267,0.94180477,1,0
0.28992063,0.7100794,0.855186,0.14481407,0,2
0.3671316,0.63286847,0.050629266,0.9493708,1,3
0.9999994,5.721194e-07,0.9999739,2.6070406e-05,0,0
1.0,3.2377119e-09,0.99993944,6.0536353e-05,0,0
0.9999167,8.3343235e-05,0.82933164,0.17066836,0,1
6.6065177e-06,0.99999344,0.17503236,0.8249677,1,1
0.25741312,0.74258685,0.7278224,0.27217764,1,0
0.006521288,0.99347866,0.004415053,0.99558496,1,1
1.0,3.3266155e-12,0.9999968,3.1660788e-06,0,0
0.9913536,0.008646385,0.73583055,0.26416948,0,2
0.19814399,0.80185604,0.0005737418,0.99942625,1,4
0.99999905,9.995365e-07,0.99906486,0.00093515683,0,4
0.056390986,0.94360906,0.020113023,0.979887,1,3
0.5296055,0.47039446,0.11499117,0.8850088,1,1
0.9975109,0.0024890418,0.99999857,1.4783867e-06,0,2
0.0017938517,0.99820614,0.0031591363,0.99684083,1,0
0.02054358,0.97945637,0.5724237,0.42757636,1,4
0.009819442,0.9901806,0.020815682,0.97918427,1,2
0.123131104,0.87686884,0.027709588,0.97229046,1,2
0.00023038105,0.9997696,0.03344523,0.96655476,1,4
0.055228006,0.944772,0.099413626,0.90058637,1,2
0.99978656,0.00021350838,0.99999654,3.4576274e-06,0,3
0.14766572,0.8523343,0.050276347,0.94972366,1,4
0.3917421,0.60825795,0.027980825,0.97201914,1,4
0.9996106,0.00038938905,0.6038964,0.39610362,0,0
0.01270059,0.9872994,0.0033345495,0.9966654,1,3
0.98315984,0.016840128,0.9968412,0.0031587547,0,2
0.061169457,0.93883055,0.058376905,0.94162315,1,2
0.005964203,0.9940357,0.008040767,0.9919592,1,2
2.2531963e-06,0.99999774,0.0003775292,0.99962246,1,2
0.9999993,6.7021233e-07,0.9999709,2.9145136e-05,0,0
0.08897792,0.911022,0.13903525,0.8609647,1,3
0.99984074,0.00015918518,0.9999831,1.6904512e-05,0,2
0.17920811,0.8207919,0.08284666,0.9171533,1,0
0.99962974,0.00037021254,0.9997409,0.00025910838,0,2
0.057621382,0.94237864,0.17068624,0.82931376,1,3
1.0,1.6441093e-10,0.9889531,0.011046903,0,3
0.00032970542,0.99967027,0.0118126655,0.9881874,1,1
0.99979836,0.0002016384,0.9986098,0.0013902482,0,4
0.9950317,0.004968236,0.7235767,0.27642328,0,3
0.61707455,0.38292548,0.8675964,0.13240367,0,0
0.9999994,6.277171e-07,0.9990735,0.00092651596,0,1
0.015545209,0.98445475,0.13974047,0.8602595,1,2
0.9999869,1.3134572e-05,0.9373937,0.0626063,0,3
0.86934704,0.13065295,0.9518987,0.048101347,0,4
1.0,8.734463e-11,0.99999654,3.4578748e-06,0,4
0.9999753,2.471711e-05,0.99990654,9.340788e-05,0,3
0.5998766,0.40012342,0.31188393,0.6881161,0,1
0.0021804494,0.99781954,0.0031262408,0.99687374,1,3
0.0669673,0.93303275,0.38902608,0.6109739,1,2
1.0,9.113723e-12,0.9999999,1.6073344e-07,0,4
0.9999776,2.2459051e-05,0.7272581,0.27274194,0,3
0.05243392,0.94756603,0.04254172,0.95745826,1,2
1.0,2.2185457e-08,0.99999857,1.378756e-06,0,1
0.9999982,1.7405482e-06,0.99999595,4.0874115e-06,0,2
0.00031047492,0.9996896,0.0008342432,0.9991658,1,2
0.20730866,0.7926913,0.08160835,0.9183917,1,0
0.12437975,0.8756202,0.036122873,0.9638771,1,2
0.0024582352,0.9975418,0.18637462,0.8136254,1,3
0.00020633177,0.9997937,0.0015669925,0.99843293,1,1
0.0006558398,0.99934417,0.009744442,0.99025553,1,2
0.9999691,3.088977e-05,0.99781656,0.002183459,0,1
1.0,1.4518403e-10,0.9999974,2.655432e-06,0,0
0.85248053,0.14751941,0.9337992,0.06620071,0,1
0.008519958,0.99148,0.079594254,0.9204057,1,4
2.6731504e-05,0.9999733,0.0001487569,0.9998512,1,4
0.9995925,0.00040751192,0.99870384,0.001296179,0,3
0.0011874415,0.99881256,0.97067237,0.029327607,1,3
0.9999515,4.8470007e-05,0.99998987,1.0103535e-05,0,1
0.000110496476,0.9998895,0.00070596347,0.99929404,1,4
0.16636895,0.83363104,0.9937245,0.0062754517,0,0
1.0,3.1330785e-10,0.9999951,4.8660327e-06,0,4
1.0,3.5819045e-14,1.0,1.6733306e-08,0,0
0.00010130406,0.9998987,0.07122247,0.9287775,1,0
0.75009096,0.24990904,0.86401,0.13599,1,3
1.0,2.7593664e-08,0.99946004,0.0005399377,0,1
0.1132667,0.8867333,0.0038373948,0.99616265,1,0
0.9999988,1.1442528e-06,0.9966809,0.0033190993,0,3
1.0,1.4588318e-15,0.9999993,6.5870944e-07,0,4
0.0047479123,0.99525213,0.95917547,0.04082456,1,3
0.9999994,5.5293395e-07,1.0,1.6160673e-08,0,1
0.12620725,0.87379277,0.12437615,0.8756239,1,0
0.037048094,0.9629519,0.26266345,0.7373366,1,1
0.015792504,0.98420745,0.0038857446,0.99611425,1,1
0.0076928036,0.99230725,0.2800569,0.71994305,1,4
8.788223e-05,0.99991214,0.0722383,0.92776173,1,2
0.9999951,4.875667e-06,0.99999845,1.5029043e-06,0,2
0.17405754,0.82594246,0.20608473,0.7939153,1,4
0.9999831,1.694512e-05,0.9999721,2.7865073e-05,0,2
0.0019202627,0.9980798,0.7229068,0.2770932,1,1
0.00029704318,0.9997029,0.00033948684,0.9996605,1,1
0.22939926,0.77060074,0.23186779,0.7681322,1,3
0.0010616897,0.99893826,0.001979614,0.9980204,1,2
0.0099604465,0.9900395,0.006087049,0.9939129,1,2
0.001014743,0.99898523,0.045550562,0.9544494,1,1
1.0,7.198143e-16,1.0,5.863015e-10,0,4
0.9998084,0.00019167276,0.9952911,0.0047088414,0,1
0.007405636,0.9925944,0.22910519,0.7708948,1,0
0.14031681,0.8596832,0.3395988,0.66040117,0,3
0.99999917,8.620546e-07,0.99917346,0.00082645443,0,0
0.53978443,0.46021557,0.16731387,0.8326861,0,2
1.0,1.105619e-10,0.9999554,4.454026e-05,0,0
0.026233757,0.97376627,0.12544586,0.87455416,1,4
0.00011757205,0.99988246,0.0004590136,0.99954104,1,1
0.95890576,0.041094262,0.9995009,0.0004990826,0,3
0.07704176,0.92295825,0.32180026,0.67819977,1,2
0.9996082,0.00039178177,0.9959097,0.0040902793,0,1
0.9999999,7.053078e-08,0.9997428,0.00025722856,0,4
0.9999523,4.7714446e-05,0.9999473,5.2743388e-05,0,2
0.04118891,0.95881116,0.03419902,0.96580094,1,2
0.9999876,1.23748805e-05,0.9144725,0.085527495,0,0
0.99999094,9.087647e-06,0.96795046,0.032049507,0,0
0.0036115611,0.99638844,0.0015902846,0.9984097,1,2
0.9662594,0.033740554,0.9896628,0.010337198,0,3
0.0009975082,0.9990025,0.18517525,0.81482476,1,3
0.9965689,0.003431061,0.68982947,0.31017047,0,2
0.00014647121,0.9998535,0.001089895,0.99891007,1,4
1.0,2.012225e-16,0.99999917,8.6361064e-07,0,0
1.0,3.6718815e-09,0.9549242,0.045075785,0,1
1.0,6.8304966e-09,0.9994419,0.000558091,0,1
0.0036439504,0.9963561,0.14546847,0.8545315,1,4
0.99999547,4.556866e-06,0.9981337,0.0018662963,0,2
0.45208284,0.5479171,0.5513548,0.4486452,1,4
0.98234504,0.017654914,0.957502,0.042498033,0,0
0.04743109,0.95256895,0.004468071,0.9955319,1,4
1.0,3.1948876e-16,0.99999785,2.1580884e-06,0,4
0.7375027,0.2624973,0.99935514,0.0006448418,0,2
0.99904567,0.000954368,0.99999535,4.6188716e-06,0,4
0.999574,0.00042596596,0.9995307,0.0004693155,0,4
0.0014253869,0.9985746,0.2691614,0.7308386,1,3
0.53101593,0.46898407,0.4099193,0.59008074,1,2
0.99999964,4.1711115e-07,0.53434646,0.46565354,0,0
0.000106916414,0.99989307,0.003609638,0.9963903,1,1
1.0,4.84776e-10,0.9979042,0.002095794,0,0
0.002763962,0.9972361,0.41148388,0.58851606,1,3
0.004921899,0.9950781,0.0015814858,0.99841857,1,1
0.99997234,2.7704742e-05,0.9999999,6.673417e-08,0,2
0.042992562,0.95700747,0.0065001943,0.9934999,1,1
0.0018253069,0.99817467,0.002357725,0.9976422,1,1
1.0,3.930942e-08,0.98707074,0.012929202,0,3
1.0,4.8972635e-11,0.99996376,3.62902e-05,0,0
0.15546125,0.8445387,0.16723408,0.83276594,1,2
0.00039248547,0.9996075,0.25218734,0.7478127,1,4
0.00066653267,0.99933344,0.79001164,0.20998839,1,0
0.99999976,2.7453348e-07,0.99999964,3.9348734e-07,0,3
1.0,1.0277022e-21,1.0,4.677403e-09,0,4
0.99706465,0.0029353173,0.9873319,0.01266811,0,1
4.8266273e-05,0.9999517,0.00041672742,0.9995833,1,4
1.0,1.0135536e-14,1.0,4.2143657e-08,0,1
0.99999905,8.9698756e-07,0.9997708,0.00022914569,0,0
0.024632355,0.9753676,0.20688944,0.79311055,1,1
0.004546606,0.99545336,0.016469806,0.9835302,1,2
0.00047845618,0.9995215,0.16547418,0.8345259,1,1
0.9999951,4.9211617e-06,0.9999999,1.4680657e-07,0,1
1.0,6.012709e-10,0.99989223,0.00010776762,0,0
1.0,1.4946582e-11,1.0,2.200563e-08,0,4
1.0,1.6320189e-09,0.9999999,8.070446e-08,0,4
6.204328e-05,0.999938,0.0641283,0.93587166,1,2
0.9999912,8.86289e-06,0.99997306,2.693437e-05,0,3
1.0,1.4828711e-11,0.99639684,0.0036031457,0,1
0.001338743,0.9986613,0.1659826,0.8340174,1,2
0.9998946,0.00010538293,0.9999968,3.1913673e-06,1,2
0.023024235,0.97697574,0.0358016,0.9641984,1,2
0.9999999,1.7255795e-07,0.99954957,0.00045043646,0,2
0.0038963289,0.99610364,0.009818863,0.9901812,1,3
1.0,2.094209e-11,0.9999988,1.1383253e-06,0,4
0.99999666,3.2982662e-06,0.99998987,1.01243695e-05,0,1
0.99976426,0.0002357426,0.9412958,0.0587042,0,1
0.00026762643,0.9997323,0.0032835116,0.99671644,1,2
1.2679245e-06,0.9999987,6.246323e-05,0.99993753,1,3
0.9999671,3.2898013e-05,0.40281358,0.5971864,0,2
1.0,8.063165e-09,0.9999331,6.683943e-05,0,4
0.9920729,0.007927149,0.9800555,0.019944478,0,0
0.020815808,0.97918415,0.31684124,0.6831588,1,2
1.0,1.7763487e-08,0.9954105,0.0045894566,0,0
2.8365186e-08,1.0,0.0032270644,0.99677294,1,4
0.012828917,0.9871711,0.0027658117,0.99723417,1,4
0.9197914,0.080208585,0.006834576,0.99316543,1,4
0.000989815,0.9990102,0.07202061,0.9279794,1,0
0.03971641,0.9602836,0.41921228,0.58078766,1,0
0.031319153,0.9686809,0.009449778,0.99055016,1,4
1.0,1.6545432e-11,0.99997663,2.3405022e-05,0,3
1.6165994e-06,0.99999833,0.4324469,0.56755304,1,3
1.0,6.3355903e-09,0.99603194,0.00396808,0,0
0.8389494,0.16105063,0.903009,0.09699093,0,1
0.11011246,0.8898876,0.07018622,0.9298138,1,0
1.0,4.349558e-14,0.9999851,1.4941787e-05,0,4
0.9999939,6.1227256e-06,0.9720033,0.027996749,0,0
1.0,5.5366417e-14,0.9999956,4.3820232e-06,0,2
0.5843376,0.41566244,0.9976057,0.0023942967,0,1
0.37421343,0.6257866,0.009134484,0.9908655,1,0
4.9244347e-05,0.99995077,0.0015938067,0.99840623,1,4
0.00092170236,0.9990783,0.5323604,0.46763965,1,3
0.99999905,9.008538e-07,0.9999815,1.8419074e-05,0,3
0.0033805592,0.99661946,0.05458065,0.9454194,1,1
0.10449981,0.8955002,0.009579095,0.99042094,1,2
0.99950993,0.00049009954,0.7411057,0.25889426,0,1
0.019427417,0.9805726,0.005792736,0.99420726,1,3
0.9999919,8.153148e-06,0.9520543,0.04794563,0,0
0.9989612,0.001038781,0.99955505,0.00044493118,0,4
7.8295925e-06,0.99999213,0.0093634995,0.9906365,1,4
1.0,2.566193e-10,0.9998118,0.00018820452,0,4
0.03560357,0.9643965,0.55719304,0.44280693,1,1
0.0036050312,0.99639493,0.0015558263,0.99844414,1,1
0.93927705,0.060722943,0.81338227,0.18661779,0,4
0.026190827,0.9738091,0.28902516,0.7109748,1,3
0.99999535,4.613197e-06,0.9999857,1.4271655e-05,0,2
0.050527215,0.9494728,0.07247395,0.92752606,1,2
0.686952,0.313048,0.96968967,0.030310316,0,2
1.0,5.1502035e-11,0.9998692,0.00013075372,0,3
0.05424069,0.9457593,0.21075474,0.7892453,1,4
0.00051465316,0.9994854,4.1725023e-05,0.9999583,1,2
0.06426966,0.93573034,0.06900116,0.93099886,1,1
0.009911555,0.9900885,0.04775709,0.9522429,1,3
1.0,1.924386e-13,0.99999976,2.6470528e-07,0,0
0.9843709,0.015629146,0.9929101,0.007089917,0,0
0.0005175311,0.9994824,0.060115587,0.9398845,1,1
0.00034994812,0.99965,0.0005530846,0.9994469,1,0
0.9999956,4.4695084e-06,0.99615175,0.0038482135,0,1
8.725269e-06,0.9999913,0.04264402,0.95735604,1,3
0.99466443,0.0053356034,0.9091245,0.09087552,0,4
0.04098824,0.95901173,0.00994983,0.9900502,1,0
1.0,2.4390448e-13,1.0,6.703792e-12,0,3
0.9999993,7.476509e-07,0.999984,1.5984171e-05,0,3
0.00016344522,0.99983656,0.03488897,0.965111,1,3
1.0,5.634734e-16,1.0,1.9634394e-08,0,4
0.99999964,3.8501128e-07,0.9989625,0.0010374216,0,0
0.0070135156,0.9929865,0.0006836991,0.99931633,1,4
0.99997115,2.8808534e-05,0.99034685,0.009653129,0,1
0.99418384,0.00581612,0.9983108,0.0016892522,0,3
0.99993527,6.471731e-05,0.9999795,2.0487496e-05,0,2
1.0,1.5498162e-09,0.9999908,9.15302e-06,0,3
0.99999917,8.066558e-07,0.9990702,0.00092981895,0,0
0.02115055,0.9788495,0.15460655,0.8453934,1,2
0.9995834,0.00041660148,0.99093235,0.0090676425,0,0
0.9990268,0.00097327767,0.966295,0.033704933,0,1
0.00018897593,0.999811,0.06375315,0.9362469,1,2
0.35670108,0.6432989,0.64040506,0.3595949,0,1
1.0,6.800827e-14,0.99996924,3.0772047e-05,0,4
0.005007166,0.9949928,0.05851506,0.9414849,1,3
0.094191164,0.90580887,0.014607623,0.9853924,1,4
1.0,7.916626e-24,1.0,4.4990674e-11,0,4
0.009874875,0.99012506,0.032226752,0.9677732,1,2
3.3553697e-05,0.9999665,0.015736045,0.98426396,1,3
1.0,1.5268663e-08,0.99999774,2.2252345e-06,0,0
0.013743484,0.98625654,0.6651263,0.33487362,1,1
0.00063829194,0.9993617,0.012595021,0.987405,1,1
0.9999993,6.5814805e-07,0.99967444,0.00032552052,0,0
0.0037993432,0.9962006,0.0019946329,0.99800533,1,2
8.376507e-06,0.99999166,0.10909817,0.89090186,1,0
0.0025936274,0.9974063,0.0700921,0.9299079,1,1
0.0006106776,0.9993893,0.0007613193,0.9992387,1,4
1.0,1.6285221e-11,0.9999999,1.7840401e-07,0,3
0.00021119656,0.9997888,0.08911069,0.91088927,1,3
1.0,3.2632318e-08,0.9998909,0.00010911926,0,3
0.9904411,0.009558979,0.49565116,0.5043489,1,0
0.99872106,0.0012789092,0.9920366,0.007963446,0,0
0.010565384,0.98943466,0.00072305714,0.99927694,1,2
0.0029265857,0.9970734,0.00049889676,0.9995011,1,4
1.0,2.7904328e-09,0.9991579,0.0008421202,0,1
0.99999964,3.663311e-07,0.99548656,0.004513412,0,3
0.04922258,0.95077735,0.07485738,0.92514265,1,2
9.516522e-05,0.9999049,0.0004844437,0.99951553,1,0
0.9999994,5.549377e-07,0.99999607,3.9238143e-06,0,3
0.024878154,0.9751219,0.004357996,0.99564195,1,1
0.00369532,0.99630463,0.014182297,0.98581773,1,2
0.3315462,0.6684539,0.0076564094,0.9923436,1,0
0.9999999,1.2339054e-07,1.0,1.0031098e-08,0,4
1.0,2.8419937e-08,0.99998474,1.5208e-05,0,4
0.0049643386,0.99503565,0.00073196075,0.999268,1,4
5.178893e-05,0.99994826,0.026584575,0.97341543,1,3
0.029533643,0.9704663,0.2506415,0.7493585,1,4
0.9999989,1.0867915e-06,0.9639576,0.036042336,0,3
0.00032640746,0.9996736,0.101605326,0.89839464,1,0
0.9975152,0.002484794,0.8220604,0.17793955,0,2
0.99920243,0.0007975332,0.481327,0.518673,0,4
0.99999976,2.5247203e-07,0.99947935,0.00052068476,0,0
1.0,9.8675866e-11,0.9999994,6.1321526e-07,0,4
0.021800831,0.9781992,0.7085497,0.29145035,1,3
0.0008559761,0.99914396,0.053368714,0.94663125,1,2
0.000261754,0.9997383,0.058088686,0.9419113,1,0
0.00011136398,0.99988866,0.008418489,0.9915815,1,4
0.3625846,0.63741535,0.019195547,0.9808045,1,3
0.00092249305,0.99907744,0.003222841,0.9967771,1,3
0.9999865,1.3425184e-05,0.99977845,0.00022160246,0,0
0.99999905,9.914195e-07,0.9460746,0.0539254,0,3
0.00020369832,0.99979633,0.9604351,0.03956488,1,0
0.0051014638,0.9948985,0.007493341,0.9925067,1,1
0.842322,0.157678,0.8435246,0.1564754,0,0
3.5857001e-06,0.9999964,0.00034563208,0.9996544,1,3
0.98206115,0.01793886,0.99997234,2.764267e-05,0,0
1.0,5.7163675e-08,0.99999964,3.5730048e-07,0,2
0.0010111274,0.9989888,0.0103604775,0.9896395,1,3
1.0,7.467061e-12,0.9999509,4.9089052e-05,0,0
0.08045304,0.919547,0.011354646,0.9886453,1,0
1.0,6.924442e-17,0.9999995,4.66313e-07,0,4
0.41452894,0.58547103,0.07373626,0.9262637,1,4
0.00056340406,0.99943656,0.8881701,0.111829884,1,2
0.9889853,0.011014647,0.8406443,0.15935569,0,4
0.9999814,1.8616296e-05,0.9999945,5.5132978e-06,0,2
0.99999857,1.4443176e-06,0.9984701,0.001529865,0,3
0.98578054,0.014219445,0.8180512,0.1819488,1,0
0.9999832,1.6769585e-05,0.9710896,0.02891044,0,2
0.002529667,0.9974704,0.022619057,0.9773809,1,3
0.99999917,7.851163e-07,0.9999957,4.236564e-06,0,1
0.019886613,0.9801134,7.281454e-05,0.99992716,1,2
0.12017134,0.8798287,0.012017197,0.98798275,1,1
0.3697662,0.6302338,0.079515874,0.9204842,1,2
0.99999905,1.0041751e-06,0.96280116,0.037198827,0,4
0.9999995,4.5953337e-07,0.99990857,9.140208e-05,0,3
1.0,7.361507e-09,0.9999999,1.7425549e-07,0,1
1.0,2.608165e-11,1.0,5.72632e-08,0,0
0.00035422685,0.9996457,0.6861829,0.31381714,1,3
1.0,2.349017e-10,0.9999995,4.550411e-07,0,3
0.9999999,1.1460467e-07,0.99958366,0.00041637916,0,2
0.00020156862,0.9997985,0.0030162325,0.9969837,1,3
0.077896684,0.9221033,0.70590806,0.29409197,1,2
0.0024382689,0.9975617,0.5976087,0.40239128,1,3
1.0,3.4037974e-11,1.0,2.9082798e-08,0,4
0.99562365,0.0043764138,0.99999666,3.2940475e-06,0,1
0.00492711,0.9950729,0.4531014,0.5468986,1,3
0.9994703,0.000529719,0.9988036,0.0011963618,0,1
0.20939231,0.7906077,0.23943983,0.7605602,1,4
1.0,8.2746886e-11,0.9999502,4.9858634e-05,0,0
0.99403125,0.0059687644,0.9852518,0.014748231,0,4
0.9430891,0.056910872,0.8523677,0.14763229,0,1
0.004825042,0.9951749,0.011700815,0.98829913,1,1
0.99999976,2.0561058e-07,0.99525803,0.0047419486,0,2
0.9999871,1.2839615e-05,0.999703,0.00029699955,0,4
1.0,6.5236956e-18,1.0,3.742575e-09,0,4
0.9999821,1.7907088e-05,0.99999964,4.134462e-07,0,3
0.99911934,0.00088063604,0.9945766,0.0054234364,0,4
0.99999905,9.610368e-07,0.9998116,0.00018845015,0,0
0.002225819,0.9977742,7.74141e-06,0.99999225,1,4
0.02472656,0.9752735,0.1782464,0.8217536,1,2
0.00043675327,0.9995633,0.011786532,0.9882135,1,3
0.6196421,0.38035795,0.47991097,0.520089,0,4
0.0017867815,0.9982133,0.003330487,0.9966695,1,0
1.4196996e-05,0.9999858,0.074247465,0.92575246,1,1
0.61649483,0.38350523,0.005019683,0.9949803,1,1
0.999997,2.9623984e-06,0.9999887,1.1336375e-05,0,4
0.39527658,0.6047234,0.88635826,0.113641754,1,0
0.9998733,0.00012667046,0.9991879,0.0008121182,0,2
0.010249584,0.98975044,1.1202007e-05,0.9999888,1,4
0.9999795,2.0500416e-05,0.9996871,0.00031299697,0,4
1.0,4.127181e-08,0.99292666,0.007073276,0,4
0.998489,0.0015109617,0.986949,0.013050894,0,2
0.004951133,0.9950488,0.16801642,0.8319836,1,2
1.0,4.2272085e-11,0.9999999,1.4070572e-07,0,4
0.77803177,0.22196822,0.011227863,0.9887721,1,4
0.00034900993,0.99965096,0.0022511575,0.9977488,1,4
0.99993527,6.477071e-05,0.99893075,0.0010692088,0,0
0.53060585,0.46939418,0.98803955,0.0119604105,0,3
5.7531583e-06,0.9999943,0.0017104865,0.9982895,1,0
0.02294455,0.97705543,0.80015093,0.19984901,1,3
0.9999999,5.9702145e-08,0.99910104,0.00089892413,0,0
0.039750334,0.9602497,0.00031816115,0.99968183,1,3
0.9996867,0.0003133484,0.9913874,0.008612609,0,3
1.0,6.191282e-09,0.9433153,0.05668467,0,4
0.99991786,8.217016e-05,0.99201435,0.00798572,0,3
0.0012162211,0.99878377,0.0014117399,0.99858826,1,4
1.0,3.8270281e-19,0.9998487,0.00015128856,0,0
0.99994624,5.3770058e-05,0.9999999,6.7247306e-08,0,1
0.9998202,0.00017988216,0.99957746,0.0004225268,0,3
1.0,1.6073184e-08,0.999995,4.9580603e-06,0,0
0.031514026,0.96848595,0.046040285,0.95395964,1,4
2.3519078e-06,0.9999976,0.00037092384,0.999629,1,4
0.025970621,0.97402936,0.92298007,0.07701994,1,2
0.19632994,0.80367,0.0513777,0.9486223,0,2
0.045873847,0.9541261,0.010709039,0.989291,1,2
0.00014445685,0.9998555,0.08134758,0.91865236,1,4
0.00020048853,0.99979955,0.021631414,0.97836864,1,2
1.0,5.76496e-12,0.99999774,2.2181916e-06,0,2
0.000798873,0.9992011,0.18220463,0.8177954,1,2
0.025067218,0.97493273,0.55086786,0.4491321,1,1
0.029879523,0.97012043,0.0041697337,0.99583024,1,4
0.0039575943,0.9960424,0.06258191,0.9374181,1,4
0.02523453,0.9747654,0.72438204,0.2756179,1,1
0.9996947,0.0003052738,0.9932268,0.006773235,1,0
0.9999653,3.4671462e-05,0.8915525,0.108447514,0,3
0.045678496,0.9543215,0.9883862,0.011613733,1,3
0.02957608,0.9704239,0.10842202,0.891578,1,3
0.99796236,0.0020375978,0.9388645,0.061135434,1,4
1.0,3.5733994e-08,0.9999975,2.5169365e-06,0,2
1.0,3.106569e-10,0.9994759,0.000524113,0,3
1.0,9.651414e-09,0.9998486,0.00015135911,0,3
0.029703524,0.9702965,0.025656411,0.97434354,1,4
1.0,2.0316033e-09,0.99998283,1.7191589e-05,0,0
0.00052122894,0.99947876,0.007973773,0.99202615,1,0
0.99962044,0.00037959445,0.7513053,0.24869472,0,0
0.10774354,0.89225644,0.018522754,0.9814773,1,0
0.0012870817,0.9987129,0.18634403,0.81365603,1,0
0.9999994,6.5522346e-07,0.99998975,1.028816e-05,0,0
1.6241808e-06,0.99999833,0.035024762,0.96497524,1,0
0.9996075,0.00039250698,0.9999964,3.617954e-06,0,2
0.1782845,0.8217155,0.08963195,0.910368,1,4
6.9430615e-05,0.9999306,0.01035474,0.98964524,1,4
0.0034978876,0.99650216,0.04621629,0.95378375,1,3
0.044098984,0.955901,0.045022782,0.9549773,1,0
0.05984106,0.94015896,0.11213335,0.8878667,1,3
0.99999964,4.160516e-07,0.99998975,1.02363e-05,0,4
0.00013202561,0.9998679,0.00070612185,0.9992938,1,3
0.014804703,0.9851953,0.09364491,0.9063551,1,0
0.9887344,0.011265515,0.8425832,0.15741688,0,1
0.999982,1.8046398e-05,0.99796814,0.0020317943,0,3
1.0,1.0081766e-17,1.0,4.3109182e-08,0,4
8.062423e-10,1.0,0.00038792816,0.99961215,1,4
0.44328976,0.55671024,0.013048578,0.98695135,1,2
0.6809337,0.3190663,0.0017460953,0.9982539,1,0
0.019544637,0.98045534,0.0021718007,0.9978282,1,2
0.9998541,0.00014594146,0.9998004,0.00019967581,0,4
0.003200829,0.9967991,0.0118896635,0.9881103,1,1
0.012825313,0.98717475,0.005160852,0.99483913,1,1
0.10295813,0.89704186,0.6649689,0.33503112,1,1
0.0008953009,0.9991047,0.020230165,0.9797698,1,1
1.0,2.1641213e-08,0.99999917,7.7519877e-07,0,0
0.13092276,0.8690772,0.7068881,0.29311192,1,1
0.30168086,0.6983192,0.65450907,0.3454909,1,1
0.018373173,0.98162687,0.3420429,0.6579571,1,2
1.0,5.279299e-08,0.99995756,4.2495998e-05,0,4
0.999997,3.0241151e-06,0.9998678,0.00013218925,0,0
0.0028344872,0.9971655,0.38435557,0.6156444,1,2
0.99180216,0.008197829,0.99998486,1.51405075e-05,0,2
2.1425606e-06,0.99999785,0.002078106,0.9979219,1,4
0.9253444,0.07465554,0.8548688,0.14513119,0,3
0.014889996,0.98511004,0.024835935,0.97516406,1,1
0.68259627,0.3174037,0.98221725,0.017782774,0,1
0.0077682585,0.9922317,0.014057157,0.98594284,1,0
1.0,1.8462968e-08,0.99962044,0.00037948712,0,1
0.7876104,0.21238959,0.18512246,0.8148775,1,0
0.99998665,1.3370857e-05,0.9994437,0.0005563264,0,4
0.99824524,0.0017547179,0.9999505,4.948773e-05,0,2
1.0,5.6626185e-08,0.9999939,6.0907064e-06,0,3
0.017307976,0.982692,0.005395178,0.99460477,1,0
0.0012747154,0.99872524,0.00907615,0.9909238,1,3
0.92195493,0.07804501,0.9954841,0.0045159087,0,3
1.0,2.370477e-10,0.99999976,1.9541835e-07,0,3
0.00068272115,0.9993173,0.0011959587,0.9988041,1,0
0.9999975,2.5372963e-06,0.999979,2.0971613e-05,0,1
0.033939432,0.9660605,0.04416804,0.955832,1,3
0.002867231,0.9971328,0.00036470566,0.99963534,1,1
0.99997365,2.6320115e-05,0.9993131,0.00068690034,0,3
1.0,1.283548e-11,0.9999999,1.5919008e-07,0,1
0.0015657673,0.99843425,0.0084810555,0.9915189,1,1
0.9336816,0.066318445,0.9542458,0.045754213,1,2
1.1157824e-05,0.9999888,2.7025582e-05,0.99997294,1,3
0.0021202648,0.99787974,0.083198726,0.9168013,1,0
0.99904627,0.00095375255,0.9957027,0.004297313,0,2
1.0,2.968125e-08,0.9999995,5.205011e-07,0,0
0.0008072509,0.9991928,0.017391741,0.9826082,1,1
0.9999858,1.4177484e-05,0.99998486,1.5185899e-05,0,3
1.0,1.274786e-12,0.9999995,4.4759346e-07,0,3
0.024501985,0.975498,0.01915148,0.98084855,1,1
1.0,2.1039613e-08,0.999969,3.1032057e-05,0,4
0.03184915,0.96815085,0.02738464,0.97261536,1,4
0.021478275,0.9785217,0.80973864,0.19026133,1,2
1.0,8.742289e-09,0.9986381,0.0013618647,0,2
0.994638,0.005361956,0.9926779,0.0073220087,0,3
0.0010606052,0.99893945,0.04898073,0.9510192,1,4
1.0,5.1805378e-15,1.0,2.3029294e-09,0,2
0.99987435,0.00012568627,0.9999211,7.8871424e-05,0,0
0.99999964,3.0318463e-07,0.9985726,0.0014274217,0,0
2.2605657e-06,0.99999774,0.0010575206,0.99894243,1,0
0.00038565585,0.99961436,0.0175576,0.9824424,1,2
1.955766e-05,0.99998045,0.010908912,0.9890911,1,3
0.5820138,0.41798624,0.01834167,0.98165834,1,2
0.9999994,6.133422e-07,0.9996209,0.00037906083,0,3
0.08456667,0.91543335,0.0754224,0.92457765,1,2
0.014529311,0.98547065,0.13495606,0.86504394,1,0
1.0,7.180078e-10,0.9999862,1.38507985e-05,0,4
1.0,2.4238382e-09,0.9999974,2.6105463e-06,0,3
0.0036734461,0.9963265,0.2914348,0.70856524,1,3
0.99996316,3.677701e-05,0.9998902,0.00010978764,0,3
0.046630133,0.95336986,0.11797455,0.8820254,1,2
0.04439372,0.9556063,0.9638205,0.036179487,1,1
0.9999987,1.273306e-06,0.9069701,0.09302987,0,1
0.0073565263,0.99264354,0.23212008,0.7678799,1,3
1.0,1.646458e-08,0.9999374,6.256887e-05,0,2
0.00022461222,0.99977535,0.25914234,0.74085766,1,0
1.0,1.0097669e-08,0.99999964,3.8866798e-07,0,1
1.0,1.1847825e-08,0.9999999,1.7036666e-07,0,0
0.012181687,0.98781824,0.036564074,0.96343595,1,0
1.0,4.820978e-08,0.9997986,0.00020147083,0,0
0.99109745,0.008902561,0.9725016,0.027498463,1,0
1.0,2.0905465e-10,0.99999356,6.4180463e-06,0,4
0.99993396,6.5998625e-05,0.9939867,0.0060132956,0,3
0.9993013,0.00069870433,0.9938067,0.006193331,0,0
1.0,2.8896242e-08,0.9998894,0.00011065528,0,4
0.0013539728,0.9986461,0.07234324,0.92765677,1,3
0.023159461,0.9768405,0.008824817,0.9911752,1,1
1.0584059e-05,0.9999894,0.5137235,0.4862765,1,0
0.9999666,3.335411e-05,0.99992466,7.5360884e-05,0,0
1.0,4.1544865e-11,0.99994576,5.424641e-05,0,3
0.0105937235,0.9894063,0.0027966762,0.99720335,1,3
1.0,3.9151164e-23,1.0,9.6756964e-11,0,1
8.364562e-05,0.9999163,0.029520104,0.9704799,1,3
0.0021903587,0.9978097,0.0036753488,0.9963246,1,4
0.9525972,0.047402807,0.20490572,0.79509425,0,1
0.9987103,0.001289709,0.9971631,0.0028368183,0,1
1.0,2.7887766e-25,1.0,5.2244103e-10,0,0
0.0053693787,0.9946306,0.050293706,0.9497064,1,4
0.013682591,0.9863174,0.9850192,0.014980731,1,2
0.040562082,0.95943785,0.17889985,0.8211002,1,2
1.0,6.862379e-11,0.9997917,0.00020834921,0,0
0.06849687,0.9315032,0.03454249,0.9654575,1,0
1.0,3.3277455e-08,0.9999958,4.1353987e-06,0,1
0.91176033,0.088239715,0.7702785,0.22972146,0,2
0.01766974,0.9823302,0.31917605,0.680824,1,1
0.0008795677,0.9991204,0.026726361,0.9732736,1,4
0.93178505,0.068215005,0.9999871,1.2919035e-05,0,1
0.9999981,1.9661395e-06,0.9999995,4.5565207e-07,0,2
1.4658312e-05,0.99998534,0.037523065,0.9624769,1,0
0.9180033,0.08199671,0.988608,0.011391941,1,0
0.999992,8.008641e-06,0.9999995,5.3285714e-07,0,3
0.004717776,0.99528223,0.001155039,0.998845,1,3
0.999218,0.00078198366,0.99999726,2.756337e-06,0,4
0.039878093,0.96012187,0.032527953,0.9674721,1,3
0.99999964,3.6803223e-07,0.99989116,0.00010877642,0,4
0.0106479945,0.98935205,0.00012169021,0.9998783,1,4
1.0,2.5816083e-10,0.9996112,0.0003888842,0,4
0.079457134,0.9205429,0.88509995,0.11490011,1,3
0.012248449,0.9877515,0.016047869,0.9839521,1,4
0.61961263,0.38038737,0.7052115,0.29478848,0,4
1.0,1.5529963e-10,0.99998,2.0060033e-05,0,0
3.9342325e-05,0.99996066,0.05030183,0.94969815,1,4
1.0,9.753175e-09,0.9999957,4.2981205e-06,0,3
0.6458614,0.3541386,0.0017845323,0.99821544,1,4
0.9761732,0.023826754,0.9568776,0.043122426,0,2
0.00036950118,0.99963045,0.013524424,0.98647565,1,1
0.0002328857,0.9997671,0.26835135,0.7316487,1,0
0.99999976,2.4237568e-07,0.9999422,5.7838053e-05,0,3
1.0,6.31086e-11,0.989527,0.010472993,0,4
1.0,1.0364902e-09,1.0,1.495402e-08,0,3
1.0,4.0873024e-10,0.9999964,3.5278542e-06,0,4
1.0,6.9885733e-12,0.9962536,0.0037463405,0,1
1.0,3.9403567e-11,0.9999833,1.673784e-05,0,3
0.0051862993,0.9948137,0.004304899,0.9956951,1,1
0.008397054,0.99160296,0.5305511,0.46944895,1,2
1.0,1.1376651e-09,0.99999976,2.7306444e-07,0,4
0.002888875,0.9971111,0.107638985,0.89236104,1,4
0.9997538,0.00024628078,0.99999666,3.3220745e-06,0,3
0.031225152,0.96877486,0.0078093205,0.99219066,1,0
0.015211182,0.9847888,0.19273157,0.80726844,1,4
0.00032674434,0.99967325,0.0005244824,0.99947554,1,4
0.99989784,0.00010209763,0.99929726,0.0007026969,0,4
0.9999838,1.6180946e-05,0.9999739,2.6125012e-05,0,4
0.4528039,0.5471961,0.02190815,0.9780919,1,0
0.0002632835,0.9997367,0.01901229,0.98098767,1,3
0.07878426,0.9212157,0.08892219,0.91107786,1,3
0.9999938,6.244134e-06,0.99990284,9.71067e-05,0,3
0.16523205,0.83476794,0.5192318,0.48076823,0,4
1.0,9.564613e-11,0.99995446,4.5563946e-05,0,3
0.99549305,0.0045069424,0.88617426,0.113825776,1,0
0.999998,2.0210744e-06,0.9667891,0.03321086,0,1
0.008460503,0.99153954,0.13112015,0.8688799,1,1
0.008084927,0.9919151,0.044782832,0.9552171,1,0
1.0,6.1381358e-09,0.9999888,1.1177536e-05,0,4
0.9999999,7.0848714e-08,0.99999976,2.7109192e-07,0,2
0.9998357,0.00016428913,0.9570744,0.04292561,0,1
0.99959856,0.0004014688,0.9998884,0.00011153582,0,4
0.99999475,5.272534e-06,0.99996734,3.26511e-05,0,2
0.45180354,0.54819643,0.45133814,0.5486619,1,2
0.9999987,1.2989796e-06,0.99999464,5.361236e-06,0,2
1.0,8.2759945e-12,0.9561796,0.043820303,0,0
0.85996926,0.14003071,0.28095272,0.71904725,1,3
0.0065267994,0.99347323,0.030740282,0.9692598,1,0
0.9999355,6.4508364e-05,0.99923575,0.0007643,0,3
0.026655639,0.9733444,0.9965887,0.0034113212,1,1
0.7817923,0.21820769,0.43862027,0.56137973,1,3
0.0006047264,0.99939525,8.575776e-05,0.9999143,1,3
2.4279856e-05,0.9999757,3.3644308e-05,0.9999664,1,1
0.89050925,0.10949069,0.8209509,0.17904902,1,0
0.9999993,7.6732493e-07,0.99827325,0.0017266825,0,1
0.9149776,0.08502245,0.19213986,0.80786014,1,0
0.011122334,0.9888777,0.7006867,0.2993133,1,2
0.011457083,0.9885429,0.6865197,0.3134803,1,0
0.0026419228,0.997358,0.092540234,0.9074598,1,0
0.0016954432,0.9983045,0.0012003349,0.9987997,1,4
0.011656948,0.98834306,0.7295187,0.2704813,1,2
1.0,4.5419584e-09,0.9999981,1.9290708e-06,0,4
0.011399473,0.98860055,0.0192415,0.9807585,1,0
0.9999995,4.606048e-07,0.9999347,6.534283e-05,0,3
1.0,1.3269308e-09,0.999997,2.97714e-06,0,3
0.0035896113,0.9964104,0.048822626,0.95117736,1,0
0.9999862,1.3823734e-05,0.9540042,0.045995798,0,1
0.027779063,0.97222096,0.003657316,0.9963427,1,2
1.0,1.5124556e-11,0.99999857,1.3965138e-06,0,4
0.002032332,0.99796766,0.60228884,0.3977112,1,0
4.626127e-05,0.99995375,0.0004268106,0.9995732,1,1
0.27289155,0.7271084,0.101216,0.898784,1,2
0.00021515199,0.9997849,0.0050999415,0.99490005,1,2
1.4950219e-06,0.99999845,7.7603494e-05,0.9999224,1,1
0.75706136,0.24293867,0.080257945,0.9197421,1,3
1.0,4.241888e-09,0.9999865,1.351552e-05,0,4
0.0037164863,0.9962836,0.20452856,0.79547143,1,3
0.9999999,1.7097476e-07,0.9999602,3.9797782e-05,0,1
0.7783807,0.22161931,0.31906807,0.6809319,0,3
8.57652e-05,0.99991417,0.1559659,0.8440341,1,0
1.0,9.5980655e-09,0.9999627,3.728201e-05,0,3
0.95472586,0.045274198,0.9745398,0.025460204,0,1
0.90826124,0.091738775,0.02162296,0.9783771,1,4
1.0,2.18387e-09,0.9788795,0.021120505,0,3
0.00059932534,0.9994006,0.20673756,0.7932624,1,3
0.43614182,0.5638582,0.7005865,0.29941353,1,2
0.014408098,0.9855919,0.65407217,0.34592786,1,1
0.9999999,1.6985645e-07,0.99999976,2.4511164e-07,0,2
0.10182543,0.8981745,0.46139866,0.53860134,1,4
0.9999995,4.981181e-07,0.9998357,0.00016425969,0,4
0.0027787783,0.99722123,0.5860098,0.41399026,1,3
0.56109667,0.43890333,0.2633774,0.7366226,1,1
0.00028327017,0.9997167,0.0027721557,0.99722785,1,2
0.9963335,0.0036665262,0.95419,0.04580996,0,3
0.99060446,0.009395577,0.99993205,6.798457e-05,0,1
0.99993145,6.849553e-05,0.97524136,0.024758587,0,1
1.0,4.090853e-09,0.99999905,9.5175267e-07,0,3
0.9999993,7.418716e-07,0.99999166,8.3708455e-06,0,3
0.9999999,7.65508e-08,0.99992657,7.33921e-05,0,3
1.0,1.8096357e-09,0.9999999,1.7353857e-07,0,1
0.99993205,6.790934e-05,0.8564822,0.1435178,0,1
1.0,2.541949e-09,0.9999881,1.1924329e-05,0,1
0.0010989227,0.998901,0.008180734,0.99181926,1,1
0.16222395,0.83777606,0.25921273,0.7407872,1,3
0.5773572,0.4226429,0.9666166,0.033383418,0,1
0.0039708177,0.99602926,0.030379323,0.96962065,1,3
1.0,3.333024e-08,0.9999975,2.4513456e-06,0,4
1.0,5.693318e-13,0.5793383,0.42066172,0,4
0.99948335,0.00051659596,0.97606575,0.023934204,0,2
0.0028301869,0.9971698,0.057549216,0.94245076,1,2
0.00076291995,0.99923706,0.0037980296,0.99620193,1,1
0.012738986,0.98726106,0.29639548,0.7036045,1,3
0.45638552,0.54361445,0.90362895,0.09637102,0,1
0.9994387,0.0005613351,0.9999553,4.47502e-05,0,2
0.0017912238,0.99820876,0.47391528,0.5260847,1,0
0.99994826,5.171461e-05,0.95239484,0.047605142,0,3
0.011398555,0.9886015,0.0019023075,0.9980977,1,3
0.990334,0.009666001,0.9848817,0.01511827,0,4
1.0,2.3736913e-12,0.9999987,1.3685942e-06,0,4
0.000300639,0.99969935,0.006081063,0.9939189,1,1
0.010309814,0.9896902,0.0046401056,0.99535996,1,0
3.354493e-05,0.9999665,0.03337155,0.9666285,1,0
0.9989692,0.0010307776,0.9999356,6.437636e-05,0,4
0.10563737,0.8943626,0.35755593,0.6424441,1,2
0.9999999,9.32814e-08,1.0,2.1114426e-08,0,3
1.0,5.7099245e-09,0.9999685,3.1506148e-05,0,4
0.009705387,0.9902946,7.912408e-05,0.99992085,1,0
0.23025629,0.76974374,0.83306974,0.16693026,1,4
1.0,8.8028465e-12,0.99999833,1.6921357e-06,0,4
1.0,4.5905107e-10,1.0,3.170582e-08,0,3
0.00066717295,0.99933285,0.14782423,0.8521758,1,3
1.0,1.6360737e-09,0.9999995,5.1137505e-07,0,4
0.99568045,0.0043195826,0.99992466,7.5307355e-05,0,2
0.9999838,1.615786e-05,0.99092335,0.009076709,0,4
0.053172555,0.9468274,0.98319054,0.016809523,1,0
0.0069195717,0.99308044,0.20906359,0.7909364,1,1
0.00037867183,0.9996213,0.015817672,0.9841823,1,0
0.98524934,0.014750629,0.9997696,0.00023036962,0,2
0.73781383,0.26218617,0.062599026,0.93740094,1,0
0.02981048,0.9701895,0.000689813,0.99931014,1,2
0.99974483,0.00025521734,0.9999875,1.2468987e-05,0,3
3.0266024e-06,0.999997,0.00031448627,0.9996855,1,3
0.012461507,0.98753846,0.9653585,0.03464155,0,0
0.9999993,7.482044e-07,0.9999994,6.258963e-07,0,1
0.004414225,0.9955858,0.04427397,0.955726,1,0
0.9999999,1.6481494e-07,0.99999547,4.49339e-06,0,3
0.0026346585,0.9973654,0.13805136,0.8619486,1,0
5.734872e-07,0.9999994,0.00049585005,0.9995041,1,3
0.66148126,0.3385187,0.6471081,0.35289198,1,4
0.9999999,1.4975404e-07,0.9979697,0.0020303098,0,0
0.99998844,1.16158035e-05,0.9999665,3.3445776e-05,0,2
0.0009901917,0.9990097,0.00049079006,0.9995092,1,4
1.0,2.010717e-09,0.99999905,9.748071e-07,0,0
0.91074824,0.08925176,0.99573517,0.004264774,0,2
0.0022624645,0.9977375,0.011680776,0.98831916,1,3
0.0012383508,0.99876165,0.05211349,0.9478865,1,3
1.0,1.1990634e-09,0.99132603,0.008673964,0,0
0.99997914,2.0817464e-05,0.9975103,0.00248973,0,3
0.99999416,5.862652e-06,0.9577727,0.042227346,0,4
0.0124943815,0.98750556,0.059866834,0.94013315,1,2
0.8292862,0.17071383,0.0060470724,0.99395293,1,1
0.017052038,0.982948,0.035911664,0.9640884,1,2
0.999658,0.0003420573,0.9955102,0.0044898256,0,4
0.048766177,0.95123386,0.07078853,0.9292115,1,2
0.061804045,0.93819594,0.010876155,0.9891238,1,4
0.99999976,2.660806e-07,0.9999958,4.1821067e-06,0,4
0.00018928162,0.99981076,0.0018310264,0.99816895,1,1
0.013472249,0.98652774,0.04890186,0.9510982,1,0
1.0,1.2651991e-15,0.9999299,7.009628e-05,0,4
1.0,2.2683603e-08,0.99999976,2.9678426e-07,0,3
5.9370104e-06,0.99999404,0.00068267813,0.9993173,1,3
0.048342112,0.95165783,0.07504114,0.9249588,1,2
0.004571047,0.9954289,0.012951458,0.98704857,1,1
0.0001442402,0.99985576,0.011417763,0.98858225,1,4
0.98056763,0.01943235,0.9770483,0.022951718,0,0
0.01918875,0.98081124,0.26269352,0.7373064,1,3
0.99994624,5.377919e-05,0.9995115,0.0004885361,0,2
0.9947619,0.005238139,0.9995291,0.0004709515,0,1
0.95969754,0.040302396,0.99314404,0.006855945,0,3
1.0,3.707521e-08,0.99737906,0.0026209448,0,2
0.0056712814,0.9943287,0.48082504,0.519175,1,0
0.15950522,0.8404948,0.052987862,0.9470121,1,1
0.00040436123,0.9995957,0.026398195,0.9736018,1,2
1.0,5.7441163e-16,1.0,2.5162904e-13,0,3
0.9999969,3.0969934e-06,0.9999988,1.1694057e-06,0,2
1.8518462e-06,0.9999981,0.0029734136,0.9970266,1,1
0.0046337834,0.9953662,0.21195672,0.78804326,1,4
0.99977344,0.00022661386,0.99954337,0.0004566447,0,2
0.022481918,0.97751814,0.050943032,0.9490569,1,1
0.9998559,0.00014415303,0.47754937,0.5224506,1,2
0.005750276,0.9942497,0.004096759,0.9959033,1,3
0.16335548,0.83664453,0.011242763,0.9887572,1,1
0.028199358,0.97180057,0.007881574,0.99211836,1,2
0.9034841,0.096515894,0.0118281925,0.98817176,1,0
1.0,4.6094318e-08,0.9965501,0.0034499478,0,4
0.999526,0.00047401697,0.9976077,0.0023923,0,1
0.9996823,0.00031772227,0.9927321,0.007267934,0,1
0.22540335,0.7745967,0.89646703,0.10353299,1,0
1.0,2.2865598e-09,0.99998856,1.1482513e-05,0,3
0.9999429,5.7046247e-05,0.99999845,1.4935114e-06,0,1
0.95610225,0.043897755,0.99955195,0.00044803132,0,3
7.8732926e-05,0.9999212,0.26560482,0.73439515,1,4
4.5219945e-06,0.99999547,0.017796028,0.98220396,1,3
1.0,2.2797292e-11,0.9999987,1.335694e-06,0,4
8.060076e-07,0.99999917,2.7733211e-05,0.9999722,1,4
0.0014800428,0.99851996,0.001537453,0.99846256,1,2
1.5770227e-05,0.99998426,0.028926725,0.9710733,1,4
0.002937431,0.9970625,0.10310939,0.8968906,1,3
0.9954899,0.004510131,0.9987502,0.0012497219,0,1
7.718798e-05,0.99992275,0.05890013,0.9410998,1,2
0.0018897348,0.9981103,0.00968597,0.99031395,1,4
0.9999975,2.558436e-06,0.9985952,0.0014047727,0,0
0.000107408334,0.9998926,0.00940962,0.99059045,1,3
0.9999999,1.3309952e-07,0.9999987,1.3609308e-06,0,3
0.00016850454,0.99983144,0.77909285,0.22090718,1,1
0.0038368385,0.99616313,0.025882484,0.9741175,1,4
0.9876466,0.01235335,0.53209805,0.46790197,0,3
0.17551237,0.8244877,0.6629426,0.33705744,1,2
0.99999845,1.5091834e-06,0.99977714,0.00022285555,0,4
0.00023806117,0.999762,0.00022912998,0.9997708,1,0
0.025488116,0.97451186,0.0022509894,0.99774903,1,0
0.9999999,1.6924362e-07,0.9998022,0.00019789759,0,3
0.008747547,0.9912525,0.28152016,0.7184798,1,1
0.9915666,0.0084333485,0.99995947,4.0561143e-05,0,3
2.9309833e-05,0.9999707,0.0031211462,0.99687886,1,4
1.0,1.5311896e-14,1.0,7.041774e-12,0,2
1.0,4.8843085e-10,0.9999999,1.0769028e-07,0,3
1.0,1.5146252e-09,0.999977,2.3054652e-05,0,3
6.28014e-05,0.9999372,0.108141184,0.8918588,1,3
0.010999961,0.989,0.00595653,0.9940435,1,0
0.99040496,0.00959511,0.8251874,0.17481263,1,0
0.00035784187,0.99964213,0.03160366,0.9683963,1,4
0.9999409,5.9073358e-05,0.93239015,0.06760982,0,0
1.0,2.2049534e-08,0.99999905,9.2288747e-07,0,4
0.29215991,0.70784,0.18551382,0.81448615,1,0
0.00044610738,0.99955386,0.019691586,0.9803084,1,4
0.46516147,0.5348385,0.0025183186,0.99748164,1,1
0.0007579677,0.99924207,0.29333416,0.7066658,1,2
0.0014611447,0.99853885,0.00064587937,0.99935406,1,3
0.9999988,1.2403949e-06,0.99998295,1.7038912e-05,0,3
0.9999974,2.595317e-06,0.9954299,0.0045701275,0,2
1.7593193e-05,0.99998236,6.0053146e-05,0.9999399,1,4
0.43745065,0.56254935,0.17576763,0.82423234,1,4
0.99999595,4.0950276e-06,0.70348644,0.29651353,0,2
0.9998878,0.00011221324,0.99631363,0.0036864113,0,2
1.0,2.5588575e-13,0.99999845,1.5255789e-06,0,0
1.0,5.0153577e-08,1.0,1.952877e-08,0,0
1.7488277e-05,0.9999825,0.0021274614,0.9978726,1,1
0.0013141144,0.9986859,0.0042894688,0.9957105,1,4
1.0,5.7555205e-09,0.9998385,0.00016154381,0,3
0.00030359477,0.9996964,8.9784335e-05,0.99991024,1,0
0.02937889,0.97062117,0.13639432,0.8636057,1,1
1.0,3.1075127e-09,0.9999999,1.2415826e-07,0,4
0.9378256,0.06217439,0.92867345,0.07132653,1,2
0.9999342,6.5833694e-05,0.6882122,0.31178772,0,0
0.9999342,6.582057e-05,0.9988005,0.0011994685,0,0
0.032834753,0.96716523,0.05546522,0.9445348,1,1
0.9999964,3.6006095e-06,0.99767953,0.0023205073,0,0
1.0396675e-06,0.9999989,2.937268e-05,0.9999707,1,1
0.998985,0.0010149934,0.98407817,0.015921887,0,4
0.99999964,3.503342e-07,0.9996032,0.0003967682,0,1
2.7403595e-07,0.99999976,6.651712e-05,0.9999335,1,1
2.3111454e-06,0.99999774,0.0029555776,0.9970444,1,4
0.9999852,1.4761249e-05,0.9999423,5.7749545e-05,0,2
0.010404765,0.98959523,0.11248328,0.8875167,1,4
0.040503234,0.9594968,0.6845212,0.31547883,1,3
1.0,5.72347e-08,0.99976796,0.00023205673,0,3
0.002424779,0.9975752,0.1786774,0.8213226,1,0
3.4466415e-05,0.99996555,0.0017471055,0.9982529,1,4
0.9999943,5.759307e-06,0.99999356,6.436981e-06,0,1
0.16729708,0.83270293,0.12877978,0.8712202,1,4
0.99997544,2.4543995e-05,0.99168104,0.008318989,0,1
0.35192388,0.6480761,0.0647018,0.9352982,1,0
0.07046493,0.9295351,0.18025602,0.81974393,1,3
1.0,4.8882097e-08,0.99950504,0.0004949029,1,0
0.99891603,0.0010840136,0.99999833,1.6461244e-06,0,2
0.99999917,8.521455e-07,0.8309335,0.16906649,0,3
0.19390596,0.80609405,0.1757339,0.8242661,1,1
1.0,2.093652e-09,0.9999291,7.087969e-05,0,1
0.20588423,0.7941157,0.2947471,0.7052529,1,4
0.0015684061,0.9984316,0.00511065,0.9948894,1,4
0.014910173,0.9850898,0.060652122,0.9393479,1,1
0.0012070782,0.9987929,0.016269194,0.9837308,1,3
0.9989826,0.0010173105,0.99719137,0.0028086638,0,2
0.99999976,2.8202655e-07,0.99779403,0.0022059293,0,2
1.0,1.3822142e-11,0.9995915,0.00040850727,0,0
0.016135134,0.98386484,0.16371332,0.8362867,1,3
0.002544231,0.9974558,0.015900921,0.98409903,1,4
5.7123236e-07,0.9999994,0.00021608967,0.99978393,1,4
0.999998,2.0116345e-06,0.9978114,0.0021886055,0,0
0.008115776,0.99188423,0.122084014,0.8779159,1,0
0.042454924,0.95754504,0.1129123,0.8870877,1,3
0.9999932,6.8023e-06,0.99991477,8.525564e-05,0,2
1.0,1.1584811e-08,0.99996364,3.6329086e-05,0,3
0.025734011,0.97426593,0.092343554,0.90765643,1,4
1.0,4.938797e-12,0.9904535,0.00954649,0,0
0.9999995,5.2656424e-07,0.98681414,0.013185891,0,4
0.9995571,0.00044289028,0.99361575,0.006384239,0,2
0.048940584,0.95105934,0.14233524,0.85766476,1,1
0.0029292668,0.99707067,0.79064894,0.20935103,1,0
0.10669784,0.8933022,0.18948294,0.8105171,1,4
0.9058127,0.09418733,0.5795033,0.42049673,0,4
0.0023089952,0.99769104,7.1701594e-05,0.99992824,1,1
0.9991197,0.0008802501,0.9995758,0.00042421583,0,4
0.9999521,4.7898717e-05,0.99961156,0.00038850622,0,0
0.0012535045,0.9987465,0.13532293,0.864677,1,3
8.144533e-08,0.9999999,5.695092e-06,0.9999943,1,4
0.9999993,7.74519e-07,0.99995637,4.3657532e-05,0,4
0.9999964,3.5303447e-06,0.9999496,5.0481645e-05,0,0
0.9933161,0.0066838665,0.9067548,0.093245186,0,0
1.0,8.364998e-11,0.999982,1.802839e-05,0,0
0.06476399,0.93523604,0.33989215,0.66010785,1,4
0.009909949,0.99009,0.0042631323,0.99573684,1,3
0.77243674,0.22756328,0.939982,0.06001799,0,2
0.0031567318,0.99684334,0.00056507444,0.9994349,1,1
0.00399919,0.9960008,0.0004410168,0.999559,1,1
0.0012872749,0.9987128,0.03990061,0.96009934,1,4
0.99575835,0.004241633,0.94305074,0.05694923,0,1
1.0,5.4955684e-10,0.9998535,0.0001464852,0,0
0.9999999,1.05398485e-07,0.99998784,1.2196118e-05,0,3
0.99766374,0.0023362192,0.020010509,0.97998947,1,0
0.99999964,3.956925e-07,0.9999924,7.6133856e-06,0,1
0.9781276,0.02187242,0.89526147,0.10473856,0,3
0.012389736,0.98761034,0.13523407,0.8647659,1,4
9.3843664e-05,0.9999062,0.159865,0.84013504,1,0
0.9999981,1.8729837e-06,0.9612054,0.03879462,0,0
0.0011567143,0.9988433,0.0044733635,0.9955266,1,4
1.0,9.1196267e-10,0.9999708,2.9178396e-05,0,4
0.9999982,1.7862681e-06,0.9949705,0.0050294925,0,1
0.0014698902,0.99853015,0.032018162,0.9679818,1,4
1.0,1.1151665e-10,1.0,3.5546153e-09,0,3
0.9999976,2.3267896e-06,0.99543023,0.004569761,0,3
0.99997985,2.0200598e-05,0.9999652,3.480872e-05,0,3
1.6406359e-06,0.99999833,0.006202568,0.99379736,1,3
0.89296955,0.10703039,0.74952686,0.2504731,0,1
5.4365268e-05,0.99994564,0.95204806,0.04795191,1,2
1.0,2.3237524e-08,0.9995497,0.0004503431,0,3
1.0,1.6148868e-12,0.9999988,1.1892663e-06,0,1
0.13764498,0.86235505,0.02026885,0.97973114,1,2
0.011232792,0.9887672,0.9262728,0.07372726,1,4
0.9992842,0.0007157933,0.99975795,0.00024206453,0,3
0.00057888654,0.9994211,0.01035884,0.98964113,1,3
0.9983417,0.0016582917,0.8184054,0.18159458,1,0
0.005165925,0.99483407,0.101985335,0.89801466,1,1
0.9999765,2.3434366e-05,0.99971277,0.00028724928,0,2
0.003830618,0.9961694,0.08986091,0.9101391,1,4
0.9999981,1.9441582e-06,0.99999976,1.8501414e-07,0,2
0.6171456,0.3828544,0.93931013,0.06068984,0,4
7.645315e-05,0.9999236,0.76953006,0.23046993,1,2
1.16256e-05,0.9999883,0.22541094,0.77458906,1,0
1.0,2.994764e-10,0.9999988,1.2375933e-06,0,4
1.0,1.1725072e-17,1.0,1.1785528e-08,0,4
0.99638474,0.0036153076,0.9445317,0.055468332,0,1
2.8982382e-05,0.99997103,0.00023758001,0.9997625,1,2
0.00033756372,0.9996624,0.0053393296,0.9946607,1,4
1.0,9.485484e-13,0.99999607,3.891096e-06,0,1
0.9999962,3.8197863e-06,0.98557913,0.01442086,0,0
5.1253505e-08,1.0,0.01669199,0.9833081,1,0
1.0,2.8447256e-09,0.9999887,1.1311191e-05,0,2
0.016936734,0.9830633,0.033230517,0.9667695,1,2
1.0,9.4651974e-11,0.9988065,0.0011935335,0,3
1.0,2.6768374e-08,1.0,4.386387e-08,0,2
0.006166785,0.9938332,0.0005036367,0.99949634,1,1
0.016029635,0.98397034,0.013224783,0.9867753,1,2
0.99777263,0.0022273848,0.16834992,0.8316501,0,3
1.0,2.5145122e-08,0.99953985,0.00046013258,0,2
0.95260143,0.04739863,0.9885942,0.011405815,0,4
0.0012893368,0.99871063,0.30482224,0.69517773,1,1
1.0,1.5012733e-10,0.9995652,0.00043480744,0,3
0.03474824,0.96525174,0.069701776,0.9302982,1,3
1.0,5.207195e-12,0.9790764,0.020923635,0,0
0.2813457,0.7186543,0.39724255,0.60275745,1,3
0.00037206354,0.99962795,0.0057581738,0.99424183,1,0
0.00054703775,0.999453,0.071572594,0.9284274,1,2
0.0025342407,0.9974657,0.0037845045,0.9962155,1,2
0.0017764204,0.9982236,0.11518562,0.8848143,1,2
0.98146826,0.018531749,0.96856457,0.031435434,1,0
0.0005154224,0.99948454,0.032566134,0.9674338,1,1
0.99942756,0.00057245983,0.99998033,1.9683004e-05,0,2
1.0,1.6079983e-09,0.9999572,4.2812415e-05,0,1
0.9999839,1.6099859e-05,0.998706,0.0012939748,0,0
0.9966714,0.0033286803,0.9965507,0.0034493578,0,4
0.9997589,0.00024113047,0.9982091,0.0017909366,0,4
0.0003183062,0.9996817,0.038787916,0.96121204,1,2
0.03414268,0.9658573,0.4100859,0.5899141,1,3
0.9999943,5.73203e-06,0.99999094,9.045712e-06,0,2
1.0,3.526198e-10,0.99999547,4.574369e-06,0,0
0.026131207,0.97386885,0.34134886,0.6586512,1,1
0.9999651,3.4876768e-05,0.9773809,0.022619087,0,1
1.0,1.5748701e-10,0.999998,1.9672195e-06,0,0
0.012182387,0.9878176,0.0011691917,0.99883085,1,0
3.323441e-05,0.99996674,0.0014707085,0.9985293,1,0
0.99999905,9.040693e-07,0.99990296,9.707791e-05,0,3
0.9991899,0.0008100329,0.99993646,6.350699e-05,0,2
0.035958897,0.96404105,0.71953684,0.28046313,1,4
0.99999857,1.3865541e-06,0.9999989,1.0472253e-06,0,2
1.0,4.499186e-08,0.9999119,8.8055705e-05,0,2
0.0011495944,0.99885035,0.0020935812,0.99790645,1,4
0.020336319,0.97966367,0.0007373165,0.99926263,1,2
0.0007065251,0.99929345,0.08977653,0.9102235,1,1
0.99999976,2.4797632e-07,0.9998939,0.00010603572,0,1
1.0,4.6762985e-08,0.95516807,0.044831898,0,0
0.5335785,0.46642143,0.9615842,0.03841573,1,0
0.9996741,0.000325955,0.98110276,0.018897219,0,1
8.5087564e-08,0.9999999,0.028213188,0.97178686,1,3
1.0,5.051672e-10,0.99837697,0.0016230165,0,4
0.9996412,0.00035878088,0.46932468,0.5306753,1,0
0.23589502,0.76410496,0.055449836,0.9445502,1,2
0.99350244,0.006497615,0.6635128,0.3364872,1,0
1.1958673e-06,0.9999988,0.023521781,0.9764782,1,4
0.0014599388,0.99854004,0.016845027,0.983155,1,2
0.9999981,1.9205647e-06,0.99109125,0.008908782,0,2
1.0,1.5123987e-10,0.99991524,8.4753636e-05,0,1
0.00015784934,0.99984217,0.0015773838,0.9984226,1,3
0.9999138,8.61797e-05,0.99919456,0.00080547866,0,3
0.0010711214,0.99892884,0.01590146,0.9840986,1,3
0.97891897,0.021081103,0.9993413,0.00065873045,0,1
0.9959234,0.004076616,0.9581099,0.041890014,0,0
0.59702396,0.402976,0.03562065,0.9643793,0,1
0.009858533,0.99014145,0.57833344,0.42166656,1,4
1.0,1.24448425e-08,0.9999939,6.1180385e-06,0,2
1.0,2.9826616e-10,0.99999726,2.683673e-06,0,1
0.97677046,0.023229513,0.9997838,0.00021616797,0,1
0.19363712,0.8063629,0.0075076027,0.9924924,1,2
0.99999964,3.0959842e-07,0.98935366,0.010646372,0,0
0.9999964,3.5256646e-06,0.91689116,0.08310888,0,4
1.0,1.6576791e-08,1.0,9.777929e-09,0,4
0.0001725551,0.9998274,0.015921416,0.98407865,1,3
6.987231e-05,0.99993014,0.20541283,0.7945872,1,1
7.486108e-06,0.9999925,0.0017305178,0.99826944,1,4
0.9999987,1.2986748e-06,0.9986324,0.001367592,0,3
0.9987379,0.0012621504,0.9792635,0.020736523,0,4
0.0015491492,0.9984509,0.0065349224,0.993465,1,4
0.9962972,0.0037028296,0.9997112,0.000288708,0,2
0.0015815016,0.99841845,0.015999002,0.98400104,1,2
0.999863,0.00013697731,0.99972194,0.00027797982,0,4
0.9999844,1.5607427e-05,0.9970367,0.002963336,0,2
0.0011847623,0.9988153,0.19184546,0.80815446,1,0
0.00076775945,0.9992323,0.18022461,0.81977546,1,0
0.005184691,0.9948153,0.0024851167,0.99751484,1,3
0.0045856223,0.9954144,0.11879864,0.8812014,1,3
0.0138395615,0.9861604,0.18145764,0.81854236,1,0
0.97464025,0.025359713,0.97391766,0.026082292,0,4
1.0,6.4139627e-10,0.99999344,6.542758e-06,0,1
0.99999976,2.596119e-07,0.9999999,9.997865e-08,0,2
0.99996924,3.0704563e-05,0.7100556,0.28994444,0,4
0.06315009,0.93684983,0.5572817,0.4427184,1,2
8.463636e-05,0.99991536,0.0069476073,0.9930524,1,2
0.97498226,0.025017727,0.99979275,0.00020721262,0,2
1.0,4.1753728e-10,0.9998734,0.00012661768,0,3
0.005648282,0.99435174,0.00020404762,0.999796,1,0
0.99999845,1.5756281e-06,1.0,4.5080768e-08,0,0
0.9999989,1.0890626e-06,0.9999658,3.4200973e-05,0,3
0.11153168,0.8884683,0.827557,0.17244296,1,1
8.122509e-05,0.9999188,0.008822926,0.9911771,1,4
0.9999981,1.9272982e-06,0.9977659,0.0022340606,0,3
0.9999114,8.8617824e-05,0.9999703,2.9706975e-05,0,2
0.99999976,2.2717467e-07,0.12383943,0.8761605,1,0
0.028089339,0.9719107,0.74573326,0.25426677,1,0
0.658432,0.34156805,0.3169115,0.6830885,1,3
0.0009889143,0.99901104,0.007658903,0.99234116,1,1
0.09156834,0.90843165,0.010168276,0.9898317,1,4
1.0,5.7613004e-08,0.9999825,1.7579041e-05,0,3
0.23167166,0.7683283,0.75495,0.24504998,0,2
2.1864755e-06,0.99999785,0.0008545178,0.9991455,1,4
0.009233317,0.99076664,0.20896989,0.79103005,1,1
0.00073003466,0.99927,9.423925e-06,0.9999906,1,1
0.000106765125,0.9998932,0.0060205506,0.99397945,1,4
0.00045609107,0.99954385,0.031579543,0.96842045,1,3
1.0,1.672852e-08,0.9996582,0.00034183334,0,0
0.99853516,0.0014648716,0.99993014,6.983952e-05,0,2
0.99999857,1.4052363e-06,0.9999473,5.2719653e-05,0,2
1.1282244e-05,0.9999887,0.0018962611,0.99810374,1,4
0.10446399,0.89553607,0.023764893,0.97623515,1,1
0.99997663,2.3406763e-05,0.9962853,0.0037146804,0,4
1.0,4.0033143e-16,0.9999999,1.5005168e-07,0,3
0.008186253,0.9918138,0.003991298,0.99600863,1,4
0.99892515,0.0010748248,0.9999572,4.2853393e-05,0,1
1.0,2.6589383e-10,0.99928856,0.0007114693,0,0
0.004512838,0.99548715,0.4081958,0.5918042,1,2
0.029012168,0.97098786,0.023390748,0.9766093,1,4
0.9999995,5.321954e-07,0.99999905,9.919406e-07,0,1
0.003108843,0.9968912,0.00077110116,0.99922895,1,1
0.9999887,1.129207e-05,0.99892944,0.0010705935,0,2
0.013288292,0.98671174,0.0362931,0.9637069,1,1
1.0,4.8497384e-10,0.9999237,7.630712e-05,0,0
0.9999999,1.716048e-07,0.86324,0.13675997,0,1
0.0077833603,0.9922166,0.61226684,0.38773313,1,2
1.0,4.117094e-08,0.9945527,0.005447329,0,4
0.105572306,0.89442766,0.98182905,0.018170934,1,2
0.001068182,0.9989318,0.0038039736,0.99619603,1,2
0.028749295,0.9712507,0.24967293,0.7503271,1,4
0.025123745,0.9748762,0.029597871,0.9704021,1,0
0.27917424,0.72082573,0.1041212,0.89587885,1,2
0.0013145437,0.9986854,0.070708916,0.92929107,1,1
1.0,1.200165e-11,0.99995625,4.3691267e-05,0,0
0.99998486,1.5135324e-05,1.0,7.60413e-09,0,1
1.0,1.7863524e-18,0.99999976,2.884086e-07,0,4
0.9995035,0.0004964754,0.9997595,0.00024053117,0,2
0.8899003,0.11009964,0.10379142,0.8962086,1,4
0.98787093,0.012129045,0.16563487,0.8343651,1,1
0.99997914,2.08793e-05,0.99998236,1.758883e-05,0,2
0.9999126,8.741719e-05,0.9985759,0.001424028,0,1
0.0006940601,0.99930596,0.034271542,0.96572846,1,4
0.9727005,0.027299525,0.96955174,0.030448304,0,3
0.99986124,0.00013869061,0.99990845,9.1595175e-05,0,1
0.99999595,4.0908435e-06,0.9999981,1.9251343e-06,0,3
0.0015444534,0.9984555,0.009922697,0.99007726,1,1
0.0009987972,0.9990012,0.04556317,0.9544368,1,4
1.0,4.3162412e-08,0.9999496,5.0402075e-05,0,0
1.0,7.275491e-17,0.9999999,9.8380205e-08,0,3
0.99999964,4.148475e-07,0.9999987,1.3590254e-06,0,4
0.0002040671,0.999796,0.0030520093,0.99694806,1,1
1.0,3.639533e-10,0.9994937,0.0005063016,0,0
0.0090841735,0.99091583,0.075108394,0.92489165,1,2
0.9910034,0.008996621,0.97132707,0.028672917,0,1
0.000584502,0.9994155,0.006144885,0.99385506,1,4
0.0004591534,0.9995409,0.0418542,0.95814586,1,0
0.0135907065,0.9864093,0.0048158667,0.9951841,1,3
0.38869545,0.6113045,0.025927613,0.9740724,1,2
0.15495113,0.84504884,0.030554837,0.96944517,1,2
0.43544334,0.5645566,0.1997279,0.8002721,0,0
0.99017406,0.009825911,0.99998057,1.9372235e-05,0,2
0.9999429,5.713875e-05,0.99969447,0.00030552247,0,1
0.29525116,0.70474887,0.8866512,0.11334881,0,1
0.99989176,0.00010817935,0.9906793,0.009320608,0,2
0.98542297,0.014577071,0.7672865,0.23271352,0,0
0.9999999,7.3999e-08,0.9998221,0.00017795134,0,3
0.017084574,0.9829154,0.027862752,0.9721372,1,4
0.0032327566,0.9967673,0.096796475,0.9032036,1,4
0.01526024,0.9847398,0.00051249727,0.9994875,1,4
0.09556747,0.90443254,0.051602453,0.9483976,1,3
1.0,3.54175e-09,0.91976833,0.080231704,0,0
0.9996731,0.00032688797,0.90618825,0.09381173,0,3
0.28012928,0.71987075,0.25901392,0.7409861,1,3
0.06762539,0.9323746,0.015957437,0.9840426,1,1
0.5064736,0.49352643,0.12361972,0.8763803,1,3
0.00017320096,0.99982685,0.41066957,0.58933043,1,1
0.9999994,6.51874e-07,0.9894929,0.010507086,0,0
0.0015127901,0.99848723,0.00031292444,0.9996871,1,1
0.022283498,0.9777165,0.21854024,0.78145975,1,3
1.0,5.440335e-10,1.0,4.6984173e-08,0,0
1.4066937e-07,0.9999999,2.475282e-05,0.9999752,1,3
0.6600667,0.33993325,0.9873471,0.012652858,0,1
0.0030638333,0.9969362,0.085885644,0.91411436,1,0
1.0,1.0138438e-10,0.9998723,0.00012770316,0,4
1.0,1.2790167e-08,0.99959654,0.00040349178,0,2
0.00012313071,0.99987686,0.17583242,0.8241676,1,0
0.44049138,0.55950856,0.13644814,0.8635518,1,4
0.10895231,0.89104766,0.2458055,0.7541945,1,0
1.0,2.5308173e-09,0.9996861,0.0003139051,0,0
